{
  "txt": {
    "PP--Tesseract-BIN": {
      "jaccard": [
        0.8168186601192564
      ],
      "braycurtis": [
        0.4645763798687953
      ],
      "dice": [
        0.6903579633884236
      ],
      "cosinus": [
        0.12986391203975622
      ]
    }
  },
  "json": {
    "spacy-md--spacy-sm-concat": {
      "jaccard": [
        0.8037263090266624
      ],
      "braycurtis": [
        0.6458620689655172
      ],
      "dice": [
        0.6718582169709989
      ],
      "cosinus": [
        0.595831748386243
      ]
    },
    "spacy-md--spacy-lg": {
      "jaccard": [
        0.933028048082427
      ],
      "braycurtis": [
        0.7985074626865671
      ],
      "dice": [
        0.8744635193133047
      ],
      "cosinus": [
        0.660629795543447
      ]
    },
    "spacy-md--spacy-lg-concat": {
      "jaccard": [
        0.7668804224820822
      ],
      "braycurtis": [
        0.6208209902666102
      ],
      "dice": [
        0.6219027225451208
      ],
      "cosinus": [
        0.5759917552520453
      ]
    },
    "spacy-md--spacy-md-concat": {
      "jaccard": [
        0.4478925428439092
      ],
      "braycurtis": [
        0.30538679627379506
      ],
      "dice": [
        0.28857057594747837
      ],
      "cosinus": [
        0.38040219620298454
      ]
    },
    "spacy-md--spacy-sm": {
      "jaccard": [
        0.7479838709677419
      ],
      "braycurtis": [
        0.5387482528342911
      ],
      "dice": [
        0.5974235104669887
      ],
      "cosinus": [
        0.2999878203729607
      ]
    },
    "spacy-md--spacy-md": {
      "jaccard": [
        0.9361817198485668
      ],
      "braycurtis": [
        0.7903440917578021
      ],
      "dice": [
        0.8800203355363497
      ],
      "cosinus": [
        0.6590894854017664
      ]
    },
    "spacy-sm-concat--spacy-lg": {
      "jaccard": [
        0.940347071583514
      ],
      "braycurtis": [
        0.8593306863301191
      ],
      "dice": [
        0.887410440122825
      ],
      "cosinus": [
        0.8048451989098921
      ]
    },
    "spacy-sm-concat--spacy-lg-concat": {
      "jaccard": [
        0.801297371116422
      ],
      "braycurtis": [
        0.6577992744860943
      ],
      "dice": [
        0.668470521219026
      ],
      "cosinus": [
        0.5257550944150737
      ]
    },
    "spacy-sm-concat--spacy-md-concat": {
      "jaccard": [
        0.8003338898163606
      ],
      "braycurtis": [
        0.6381909547738693
      ],
      "dice": [
        0.6671305315892012
      ],
      "cosinus": [
        0.42346311817081783
      ]
    },
    "spacy-sm-concat--spacy-sm": {
      "jaccard": [
        0.379746835443038
      ],
      "braycurtis": [
        0.24764044943820224
      ],
      "dice": [
        0.234375
      ],
      "cosinus": [
        0.12996830012100646
      ]
    },
    "spacy-sm-concat--spacy-md": {
      "jaccard": [
        0.9472876151484135
      ],
      "braycurtis": [
        0.8607227644420997
      ],
      "dice": [
        0.8998541565386485
      ],
      "cosinus": [
        0.8095021962614115
      ]
    },
    "spacy-sm-concat--spacy-sm-concat": {
      "jaccard": [
        0.9400645458736745
      ],
      "braycurtis": [
        0.8346163397069779
      ],
      "dice": [
        0.8869073510221835
      ],
      "cosinus": [
        0.7644788204111069
      ]
    },
    "spacy-lg--spacy-lg-concat": {
      "jaccard": [
        0.4342235410484669
      ],
      "braycurtis": [
        0.31271015467383995
      ],
      "dice": [
        0.27732154137713205
      ],
      "cosinus": [
        0.41583573367618365
      ]
    },
    "spacy-lg--spacy-md-concat": {
      "jaccard": [
        0.7588842185708827
      ],
      "braycurtis": [
        0.5891290391611385
      ],
      "dice": [
        0.6114532019704434
      ],
      "cosinus": [
        0.4531421582554469
      ]
    },
    "spacy-lg--spacy-sm": {
      "jaccard": [
        0.7428868841082582
      ],
      "braycurtis": [
        0.546485260770975
      ],
      "dice": [
        0.59094672922992
      ],
      "cosinus": [
        0.34737923862453923
      ]
    },
    "spacy-lg--spacy-lg": {
      "jaccard": [
        0.929350947731189
      ],
      "braycurtis": [
        0.783096926713948
      ],
      "dice": [
        0.8680257510729614
      ],
      "cosinus": [
        0.6384837852453802
      ]
    },
    "spacy-lg--spacy-md": {
      "jaccard": [
        0.6811085089773614
      ],
      "braycurtis": [
        0.4561237969428194
      ],
      "dice": [
        0.516424977804084
      ],
      "cosinus": [
        0.09207899903871741
      ]
    },
    "spacy-lg--spacy-sm-concat": {
      "jaccard": [
        0.8001988071570576
      ],
      "braycurtis": [
        0.6585365853658537
      ],
      "dice": [
        0.6669428334714167
      ],
      "cosinus": [
        0.6338413398684708
      ]
    },
    "spacy-lg-concat--spacy-md-concat": {
      "jaccard": [
        0.7155137126483831
      ],
      "braycurtis": [
        0.5341463414634147
      ],
      "dice": [
        0.55704270235819
      ],
      "cosinus": [
        0.2797647144069155
      ]
    },
    "spacy-lg-concat--spacy-sm": {
      "jaccard": [
        0.9552520018841263
      ],
      "braycurtis": [
        0.8967889908256881
      ],
      "dice": [
        0.9143372407574392
      ],
      "cosinus": [
        0.8584258786552066
      ]
    },
    "spacy-lg-concat--spacy-lg": {
      "jaccard": [
        0.946509009009009
      ],
      "braycurtis": [
        0.8621118012422361
      ],
      "dice": [
        0.8984500267236771
      ],
      "cosinus": [
        0.7659862650897725
      ]
    },
    "spacy-lg-concat--spacy-md": {
      "jaccard": [
        0.9527851458885942
      ],
      "braycurtis": [
        0.8697274031563845
      ],
      "dice": [
        0.9098277608915907
      ],
      "cosinus": [
        0.7977099362208249
      ]
    },
    "spacy-lg-concat--spacy-sm-concat": {
      "jaccard": [
        0.9542236904200094
      ],
      "braycurtis": [
        0.8812147272238645
      ],
      "dice": [
        0.9124548736462094
      ],
      "cosinus": [
        0.8102678984579041
      ]
    },
    "spacy-lg-concat--spacy-lg-concat": {
      "jaccard": [
        0.9404332129963899
      ],
      "braycurtis": [
        0.8420853796751039
      ],
      "dice": [
        0.8875638841567292
      ],
      "cosinus": [
        0.6079396551461929
      ]
    },
    "spacy-md-concat--spacy-sm": {
      "jaccard": [
        0.9556394525719679
      ],
      "braycurtis": [
        0.8925118057117157
      ],
      "dice": [
        0.9150474469046543
      ],
      "cosinus": [
        0.8465950609405637
      ]
    },
    "spacy-md-concat--spacy-lg": {
      "jaccard": [
        0.9475465313028765
      ],
      "braycurtis": [
        0.8645297853039008
      ],
      "dice": [
        0.9003215434083601
      ],
      "cosinus": [
        0.7823562440983921
      ]
    },
    "spacy-md-concat--spacy-md": {
      "jaccard": [
        0.9509856153436335
      ],
      "braycurtis": [
        0.8583426651735723
      ],
      "dice": [
        0.9065515490096495
      ],
      "cosinus": [
        0.770019423634543
      ]
    },
    "spacy-md-concat--spacy-sm-concat": {
      "jaccard": [
        0.9565832940066069
      ],
      "braycurtis": [
        0.8802521008403361
      ],
      "dice": [
        0.9167797376752601
      ],
      "cosinus": [
        0.801255520169977
      ]
    },
    "spacy-md-concat--spacy-lg-concat": {
      "jaccard": [
        0.9421686746987952
      ],
      "braycurtis": [
        0.8471104608632041
      ],
      "dice": [
        0.8906605922551253
      ],
      "cosinus": [
        0.6455126974014853
      ]
    },
    "spacy-md-concat--spacy-md-concat": {
      "jaccard": [
        0.9424626006904487
      ],