{
  "txt": {
    "PP--Kraken-base": {
      "jaccard": [
        0.830527817403709
      ],
      "braycurtis": [
        0.4463147313752634
      ],
      "dice": [
        0.7101732129787753
      ],
      "cosinus": [
        0.01873355152071987
      ]
    }
  },
  "json": {
    "spacy-md--spacy-sm-concat": {
      "jaccard": [
        0.7631016042780748
      ],
      "braycurtis": [
        0.5632
      ],
      "dice": [
        0.6169476869865975
      ],
      "cosinus": [
        0.3885998832333125
      ]
    },
    "spacy-md--spacy-lg": {
      "jaccard": [
        0.9078525641025641
      ],
      "braycurtis": [
        0.7130497476568133
      ],
      "dice": [
        0.8312545854732208
      ],
      "cosinus": [
        0.44052472172572976
      ]
    },
    "spacy-md--spacy-lg-concat": {
      "jaccard": [
        0.7212543554006968
      ],
      "braycurtis": [
        0.5174679008659301
      ],
      "dice": [
        0.5640326975476839
      ],
      "cosinus": [
        0.2664937733748909
      ]
    },
    "spacy-md--spacy-md-concat": {
      "jaccard": [
        0.9072164948453608
      ],
      "braycurtis": [
        0.7420634920634921
      ],
      "dice": [
        0.8301886792452831
      ],
      "cosinus": [
        0.49502083415606724
      ]
    },
    "spacy-md--spacy-sm": {
      "jaccard": [
        0.7294816414686826
      ],
      "braycurtis": [
        0.4902157551430005
      ],
      "dice": [
        0.5741606459838504
      ],
      "cosinus": [
        0.23648588713909202
      ]
    },
    "spacy-md--spacy-md": {
      "jaccard": [
        0.9001610305958132
      ],
      "braycurtis": [
        0.6852646638054364
      ],
      "dice": [
        0.8184480234260615
      ],
      "cosinus": [
        0.38137354434498116
      ]
    },
    "spacy-sm-concat--spacy-lg": {
      "jaccard": [
        0.9197026022304833
      ],
      "braycurtis": [
        0.7975852272727273
      ],
      "dice": [
        0.8513420509291122
      ],
      "cosinus": [
        0.6573196402278091
      ]
    },
    "spacy-sm-concat--spacy-lg-concat": {
      "jaccard": [
        0.9115323854660348
      ],
      "braycurtis": [
        0.7856860419137999
      ],
      "dice": [
        0.8374455732946299
      ],
      "cosinus": [
        0.6114109935244556
      ]
    },
    "spacy-sm-concat--spacy-md-concat": {
      "jaccard": [
        0.9033816425120773
      ],
      "braycurtis": [
        0.7540983606557377
      ],
      "dice": [
        0.8237885462555066
      ],
      "cosinus": [
        0.5530718208308878
      ]
    },
    "spacy-sm-concat--spacy-sm": {
      "jaccard": [
        0.9039426523297491
      ],
      "braycurtis": [
        0.7523689197725837
      ],
      "dice": [
        0.8247220405493787
      ],
      "cosinus": [
        0.6054355665592726
      ]
    },
    "spacy-sm-concat--spacy-md": {
      "jaccard": [
        0.9158600148920327
      ],
      "braycurtis": [
        0.7794221282593375
      ],
      "dice": [
        0.8447802197802198
      ],
      "cosinus": [
        0.6112722632940344
      ]
    },
    "spacy-sm-concat--spacy-sm-concat": {
      "jaccard": [
        0.894580549368968
      ],
      "braycurtis": [
        0.7276450511945393
      ],
      "dice": [
        0.8092679650772331
      ],
      "cosinus": [
        0.5641375551623659
      ]
    },
    "spacy-lg--spacy-lg-concat": {
      "jaccard": [
        0.3391238670694864
      ],
      "braycurtis": [
        0.21070033062819357
      ],
      "dice": [
        0.2041837198726694
      ],
      "cosinus": [
        0.1601399623893106
      ]
    },
    "spacy-lg--spacy-md-concat": {
      "jaccard": [
        0.7128537735849056
      ],
      "braycurtis": [
        0.5023809523809524
      ],
      "dice": [
        0.5538250114521301
      ],
      "cosinus": [
        0.2711604397518482
      ]
    },
    "spacy-lg--spacy-sm": {
      "jaccard": [
        0.7453283502402562
      ],
      "braycurtis": [
        0.5166498486377397
      ],
      "dice": [
        0.5940425531914894
      ],
      "cosinus": [
        0.2479946298677228
      ]
    },
    "spacy-lg--spacy-lg": {
      "jaccard": [
        0.8972491909385113
      ],
      "braycurtis": [
        0.6881077038145101
      ],
      "dice": [
        0.8136463683052091
      ],
      "cosinus": [
        0.4421142693461063
      ]
    },
    "spacy-lg--spacy-md": {
      "jaccard": [
        0.655050206733609
      ],
      "braycurtis": [
        0.4136413641364136
      ],
      "dice": [
        0.487044356609574
      ],
      "cosinus": [
        0.1334052913064223
      ]
    },
    "spacy-lg--spacy-sm-concat": {
      "jaccard": [
        0.7822878228782287
      ],
      "braycurtis": [
        0.5933476394849786
      ],
      "dice": [
        0.6424242424242425
      ],
      "cosinus": [
        0.4222740324495464
      ]
    },
    "spacy-lg-concat--spacy-md-concat": {
      "jaccard": [
        0.908703071672355
      ],
      "braycurtis": [
        0.7473404255319149
      ],
      "dice": [
        0.8326817826426895
      ],
      "cosinus": [
        0.5507857312188654
      ]
    },
    "spacy-lg-concat--spacy-sm": {
      "jaccard": [
        0.7879595098561535
      ],
      "braycurtis": [
        0.6100081588251292
      ],
      "dice": [
        0.6501098901098901
      ],
      "cosinus": [
        0.35714085018072583
      ]
    },
    "spacy-lg-concat--spacy-lg": {
      "jaccard": [
        0.919558359621451
      ],
      "braycurtis": [
        0.7816733067729084
      ],
      "dice": [
        0.8510948905109489
      ],
      "cosinus": [
        0.6300713693447957
      ]
    },
    "spacy-lg-concat--spacy-md": {
      "jaccard": [
        0.9265050820953871
      ],
      "braycurtis": [
        0.7843601895734598
      ],
      "dice": [
        0.8630735615440641
      ],
      "cosinus": [
        0.6113052543603944
      ]
    },
    "spacy-lg-concat--spacy-lg-concat": {
      "jaccard": [
        0.903471634208298
      ],
      "braycurtis": [
        0.750787224471435
      ],
      "dice": [
        0.8239382239382239
      ],
      "cosinus": [
        0.5572289852023257
      ]
    },
    "spacy-lg-concat--spacy-sm-concat": {
      "jaccard": [
        0.7679162072767365
      ],
      "braycurtis": [
        0.5698924731182796
      ],
      "dice": [
        0.6232662192393736
      ],
      "cosinus": [
        0.32307825097828424
      ]
    },
    "spacy-md-concat--spacy-sm": {
      "jaccard": [
        0.7608337904552934
      ],
      "braycurtis": [
        0.5617250673854447
      ],
      "dice": [
        0.6139884904825144
      ],
      "cosinus": [
        0.3243675084175277
      ]
    },
    "spacy-md-concat--spacy-lg": {
      "jaccard": [
        0.9268867924528302
      ],
      "braycurtis": [
        0.7989988448209473
      ],
      "dice": [
        0.8637362637362638
      ],
      "cosinus": [
        0.6293005629873605
      ]
    },
    "spacy-md-concat--spacy-md-concat": {
      "jaccard": [
        0.9017241379310345
      ],
      "braycurtis": [
        0.7234314980793854
      ],
      "dice": [
        0.8210361067503925
      ],
      "cosinus": [
        0.4521961830462502
      ]
    },
    "spacy-md-concat--spacy-md": {
      "jaccard": [
        0.3514328808446455
      ],
      "braycurtis": [
        0.20165582495564754
      ],
      "dice": [
        0.2131747483989021
      ],
      "cosinus": [
        0.11814889492613445
      ]
    },
    "spacy-md-concat--spacy-lg-concat": {
      "jaccard": [
        0.670031545741325
      ],
      "braycurtis": [
        0.44549300357956395
      ],
      "dice": [
        0.5037950664136622
      ],
      "cosinus": [
        0.1802363576788497
      ]
    },
    "spacy-md-concat--spacy-sm-concat": {
      "jaccard": [
        0.7434881087202718
      ],