{
  "txt": {
    "Kraken-base--PP": {
      "jaccard": [
        0.6943207307954878
      ],
      "braycurtis": [
        0.23363618706433303
      ],
      "dice": [
        0.5317697440493975
      ],
      "cosinus": [
        0.01584703562510481
      ]
    }
  },
  "json": {
    "spacy-sm-concat--spacy-sm": {
      "jaccard": [
        0.8212732305258995
      ],
      "braycurtis": [
        0.6480502313284865
      ],
      "dice": [
        0.6967460583696746
      ],
      "cosinus": [
        0.38768981031139693
      ]
    },
    "spacy-sm-concat--spacy-lg-concat": {
      "jaccard": [
        0.875
      ],
      "braycurtis": [
        0.7287200169815325
      ],
      "dice": [
        0.7777777777777778
      ],
      "cosinus": [
        0.6153695833884966
      ]
    },
    "spacy-sm-concat--spacy-md": {
      "jaccard": [
        0.879664570230608
      ],
      "braycurtis": [
        0.7499033629686896
      ],
      "dice": [
        0.7851796407185628
      ],
      "cosinus": [
        0.6238358439443714
      ]
    },
    "spacy-sm-concat--spacy-md-concat": {
      "jaccard": [
        0.5408525754884547
      ],
      "braycurtis": [
        0.3627450980392157
      ],
      "dice": [
        0.37066342057212415
      ],
      "cosinus": [
        0.3360881829812572
      ]
    },
    "spacy-sm-concat--spacy-lg": {
      "jaccard": [
        0.882127659574468
      ],
      "braycurtis": [
        0.7602316602316602
      ],
      "dice": [
        0.7891130567186905
      ],
      "cosinus": [
        0.6590916641196918
      ]
    },
    "spacy-sm-concat--spacy-sm-concat": {
      "jaccard": [
        0.8034086405073325
      ],
      "braycurtis": [
        0.5973656105375579
      ],
      "dice": [
        0.6714143756210665
      ],
      "cosinus": [
        0.27060501573417317
      ]
    },
    "spacy-sm--spacy-lg-concat": {
      "jaccard": [
        0.8990444536767761
      ],
      "braycurtis": [
        0.783814807729099
      ],
      "dice": [
        0.8166037735849057
      ],
      "cosinus": [
        0.7091535011293715
      ]
    },
    "spacy-sm--spacy-md": {
      "jaccard": [
        0.8553648068669528
      ],
      "braycurtis": [
        0.6302284710017575
      ],
      "dice": [
        0.7472815898012748
      ],
      "cosinus": [
        0.3358493866352332
      ]
    },
    "spacy-sm--spacy-md-concat": {
      "jaccard": [
        0.6444256756756757
      ],
      "braycurtis": [
        0.5127610208816705
      ],
      "dice": [
        0.4753894080996885
      ],
      "cosinus": [
        0.4744345709768618
      ]
    },
    "spacy-sm--spacy-lg": {
      "jaccard": [
        0.8550218340611354
      ],
      "braycurtis": [
        0.6278089887640449
      ],
      "dice": [
        0.7467581998474447
      ],
      "cosinus": [
        0.3629096158930958
      ]
    },
    "spacy-sm--spacy-sm": {
      "jaccard": [
        0.7877800407331975
      ],
      "braycurtis": [
        0.5283191230207065
      ],
      "dice": [
        0.6498655913978495
      ],
      "cosinus": [
        0.19400553995581404
      ]
    },
    "spacy-sm--spacy-sm-concat": {
      "jaccard": [
        0.26547085201793724
      ],
      "braycurtis": [
        0.21124031007751937
      ],
      "dice": [
        0.15305067218200621
      ],
      "cosinus": [
        0.2081758425496517
      ]
    },
    "spacy-lg-concat--spacy-md": {
      "jaccard": [
        0.5863228699551569
      ],
      "braycurtis": [
        0.43644444444444447
      ],
      "dice": [
        0.4147501982553529
      ],
      "cosinus": [
        0.3336575982888256
      ]
    },
    "spacy-lg-concat--spacy-md-concat": {
      "jaccard": [
        0.3992490613266583
      ],
      "braycurtis": [
        0.21791849107443584
      ],
      "dice": [
        0.24941360437842064
      ],
      "cosinus": [
        0.08186036918737494
      ]
    },
    "spacy-lg-concat--spacy-lg": {
      "jaccard": [
        0.8693467336683417
      ],
      "braycurtis": [
        0.7212623819396452
      ],
      "dice": [
        0.7688888888888888
      ],
      "cosinus": [
        0.4555569479840307
      ]
    },
    "spacy-lg-concat--spacy-lg-concat": {
      "jaccard": [
        0.8371618172537009
      ],
      "braycurtis": [
        0.6472107438016529
      ],
      "dice": [
        0.7199297629499561
      ],
      "cosinus": [
        0.3455703477007267
      ]
    },
    "spacy-lg-concat--spacy-sm": {
      "jaccard": [
        0.6872909698996655
      ],
      "braycurtis": [
        0.5687749823653891
      ],
      "dice": [
        0.5235668789808917
      ],
      "cosinus": [
        0.5273405822230566
      ]
    },
    "spacy-lg-concat--spacy-sm-concat": {
      "jaccard": [
        0.5681211041852182
      ],
      "braycurtis": [
        0.4118879287771668
      ],
      "dice": [
        0.39676616915422885
      ],
      "cosinus": [
        0.3925691277894554
      ]
    },
    "spacy-md--spacy-md-concat": {
      "jaccard": [
        0.3677581863979849
      ],
      "braycurtis": [
        0.289044289044289
      ],
      "dice": [
        0.22530864197530864
      ],
      "cosinus": [
        0.2751613408369976
      ]
    },
    "spacy-md--spacy-lg": {
      "jaccard": [
        0.8265361609570419
      ],
      "braycurtis": [
        0.5681178254277669
      ],
      "dice": [
        0.7043558850787767
      ],
      "cosinus": [
        0.18498849508859672
      ]
    },
    "spacy-md--spacy-lg-concat": {
      "jaccard": [
        0.874356333676622
      ],
      "braycurtis": [
        0.71648987463838
      ],
      "dice": [
        0.7767612076852699
      ],
      "cosinus": [
        0.515086356951098
      ]
    },
    "spacy-md--spacy-md": {
      "jaccard": [
        0.8130387931034483
      ],
      "braycurtis": [
        0.5371936673172848
      ],
      "dice": [
        0.6849750340444848
      ],
      "cosinus": [
        0.1353190715323569
      ]
    },
    "spacy-md--spacy-sm": {
      "jaccard": [
        0.5070555032925682
      ],
      "braycurtis": [
        0.30322307039864294
      ],
      "dice": [
        0.33963453056080656
      ],
      "cosinus": [
        0.2130570657646106
      ]
    },
    "spacy-md--spacy-sm-concat": {
      "jaccard": [
        0.6193712829226848
      ],
      "braycurtis": [
        0.4932274638019617
      ],
      "dice": [
        0.44861538461538464
      ],
      "cosinus": [
        0.5069178076192982
      ]
    },
    "spacy-md-concat--spacy-lg": {
      "jaccard": [
        0.8635156664896442
      ],
      "braycurtis": [
        0.7163930525814894
      ],
      "dice": [
        0.7598130841121495
      ],
      "cosinus": [
        0.42252988736772934
      ]
    },
    "spacy-md-concat--spacy-lg-concat": {
      "jaccard": [
        0.8437333333333333
      ],
      "braycurtis": [
        0.6523835029459025
      ],
      "dice": [
        0.7297047970479705
      ],
      "cosinus": [
        0.317013370736811
      ]
    },
    "spacy-md-concat--spacy-md": {
      "jaccard": [
        0.85
      ],
      "braycurtis": [
        0.6812008577555396
      ],
      "dice": [
        0.7391304347826086
      ],
      "cosinus": [
        0.37000524260380374
      ]
    },
    "spacy-md-concat--spacy-sm": {
      "jaccard": [
        0.874040632054176
      ],
      "braycurtis": [
        0.7505418719211823
      ],
      "dice": [
        0.7762630312750601
      ],
      "cosinus": [
        0.5309212300748921
      ]
    },
    "spacy-md-concat--spacy-sm-concat": {
      "jaccard": [
        0.8532608695652174
      ],
      "braycurtis": [
        0.6987718164188752
      ],
      "dice": [
        0.7440758293838863
      ],
      "cosinus": [
        0.4699684728845125
      ]
    },
    "spacy-md-concat--spacy-md-concat": {
      "jaccard": [
        0.8219251336898395
      ],