{
  "txt": {
    "Tesseract-PNG--PP": {
      "jaccard": [
        0.44072488214177585
      ],
      "braycurtis": [
        0.12748162420609435
      ],
      "dice": [
        0.2826472872517475
      ],
      "cosinus": [
        0.0068617459638522504
      ]
    }
  },
  "json": {
    "spacy-md-concat--spacy-lg": {
      "jaccard": [
        0.773851590106007
      ],
      "braycurtis": [
        0.5829608204049435
      ],
      "dice": [
        0.6311239193083573
      ],
      "cosinus": [
        0.27999291565548245
      ]
    },
    "spacy-md-concat--spacy-sm": {
      "jaccard": [
        0.792485549132948
      ],
      "braycurtis": [
        0.6320855614973262
      ],
      "dice": [
        0.6562948779320249
      ],
      "cosinus": [
        0.4369351303896466
      ]
    },
    "spacy-md-concat--spacy-md": {
      "jaccard": [
        0.7330960854092526
      ],
      "braycurtis": [
        0.5206742164867
      ],
      "dice": [
        0.5786516853932584
      ],
      "cosinus": [
        0.2448754857563581
      ]
    },
    "spacy-md-concat--spacy-lg-concat": {
      "jaccard": [
        0.7380100214745884
      ],
      "braycurtis": [
        0.48470305938812236
      ],
      "dice": [
        0.5847986386840612
      ],
      "cosinus": [
        0.15006209210328025
      ]
    },
    "spacy-md-concat--spacy-sm-concat": {
      "jaccard": [
        0.7640906449738524
      ],
      "braycurtis": [
        0.5600094317377977
      ],
      "dice": [
        0.6182416549130231
      ],
      "cosinus": [
        0.3718046292644718
      ]
    },
    "spacy-md-concat--spacy-md-concat": {
      "jaccard": [
        0.6711012564671102
      ],
      "braycurtis": [
        0.39958714243585963
      ],
      "dice": [
        0.5050055617352615
      ],
      "cosinus": [
        0.07036797132151262
      ]
    },
    "spacy-lg--spacy-sm": {
      "jaccard": [
        0.5300285986653956
      ],
      "braycurtis": [
        0.32867429055484965
      ],
      "dice": [
        0.36057068741893644
      ],
      "cosinus": [
        0.24255140506803397
      ]
    },
    "spacy-lg--spacy-md": {
      "jaccard": [
        0.3516042780748663
      ],
      "braycurtis": [
        0.16493236212278875
      ],
      "dice": [
        0.21330089213300893
      ],
      "cosinus": [
        0.0450745555754164
      ]
    },
    "spacy-lg--spacy-lg-concat": {
      "jaccard": [
        0.42077922077922075
      ],
      "braycurtis": [
        0.33096716947648624
      ],
      "dice": [
        0.26644736842105265
      ],
      "cosinus": [
        0.26047025644418775
      ]
    },
    "spacy-lg--spacy-sm-concat": {
      "jaccard": [
        0.6518771331058021
      ],
      "braycurtis": [
        0.5443097014925373
      ],
      "dice": [
        0.4835443037974684
      ],
      "cosinus": [
        0.5322254711800396
      ]
    },
    "spacy-lg--spacy-lg": {
      "jaccard": [
        0.6480400333611342
      ],
      "braycurtis": [
        0.33766546329723224
      ],
      "dice": [
        0.4793337446020975
      ],
      "cosinus": [
        0.05193052184284297
      ]
    },
    "spacy-lg--spacy-md-concat": {
      "jaccard": [
        0.5670103092783505
      ],
      "braycurtis": [
        0.43339150668993603
      ],
      "dice": [
        0.39568345323741005
      ],
      "cosinus": [
        0.3056930692785085
      ]
    },
    "spacy-sm--spacy-md": {
      "jaccard": [
        0.7918987341772152
      ],
      "braycurtis": [
        0.5521672091827994
      ],
      "dice": [
        0.6554903604358759
      ],
      "cosinus": [
        0.3020998947240756
      ]
    },
    "spacy-sm--spacy-lg-concat": {
      "jaccard": [
        0.861604997597309
      ],
      "braycurtis": [
        0.7339039821362114
      ],
      "dice": [
        0.7568594343604896
      ],
      "cosinus": [
        0.6311846458594397
      ]
    },
    "spacy-sm--spacy-sm-concat": {
      "jaccard": [
        0.26547085201793724
      ],
      "braycurtis": [
        0.21124031007751937
      ],
      "dice": [
        0.15305067218200621
      ],
      "cosinus": [
        0.2081758425496517
      ]
    },
    "spacy-sm--spacy-lg": {
      "jaccard": [
        0.7988712160082093
      ],
      "braycurtis": [
        0.5581037138456273
      ],
      "dice": [
        0.6651003844510893
      ],
      "cosinus": [
        0.3223643350142461
      ]
    },
    "spacy-sm--spacy-sm": {
      "jaccard": [
        0.6827956989247311
      ],
      "braycurtis": [
        0.37364110201042444
      ],
      "dice": [
        0.5183673469387755
      ],
      "cosinus": [
        0.06233210682422474
      ]
    },
    "spacy-sm--spacy-md-concat": {
      "jaccard": [
        0.6444256756756757
      ],
      "braycurtis": [
        0.5127610208816705
      ],
      "dice": [
        0.4753894080996885
      ],
      "cosinus": [
        0.4744345709768618
      ]
    },
    "spacy-md--spacy-lg-concat": {
      "jaccard": [
        0.7972318339100346
      ],
      "braycurtis": [
        0.5934959349593496
      ],
      "dice": [
        0.6628308400460299
      ],
      "cosinus": [
        0.398871384305028
      ]
    },
    "spacy-md--spacy-sm-concat": {
      "jaccard": [
        0.6193712829226848
      ],
      "braycurtis": [
        0.4932274638019617
      ],
      "dice": [
        0.44861538461538464
      ],
      "cosinus": [
        0.5069178076192982
      ]
    },
    "spacy-md--spacy-lg": {
      "jaccard": [
        0.7015945330296127
      ],
      "braycurtis": [
        0.3921615773022361
      ],
      "dice": [
        0.5403508771929825
      ],
      "cosinus": [
        0.08312632458313718
      ]
    },
    "spacy-md--spacy-md": {
      "jaccard": [
        0.65
      ],
      "braycurtis": [
        0.3325307006982904
      ],
      "dice": [
        0.48148148148148145
      ],
      "cosinus": [
        0.04268642355476615
      ]
    },
    "spacy-md--spacy-sm": {
      "jaccard": [
        0.5070555032925682
      ],
      "braycurtis": [
        0.30322307039864294
      ],
      "dice": [
        0.33963453056080656
      ],
      "cosinus": [
        0.2130570657646106
      ]
    },
    "spacy-md--spacy-md-concat": {
      "jaccard": [
        0.3677581863979849
      ],
      "braycurtis": [
        0.289044289044289
      ],
      "dice": [
        0.22530864197530864
      ],
      "cosinus": [
        0.2751613408369976
      ]
    },
    "spacy-lg-concat--spacy-sm-concat": {
      "jaccard": [
        0.5681211041852182
      ],
      "braycurtis": [
        0.4118879287771668
      ],
      "dice": [
        0.39676616915422885
      ],
      "cosinus": [
        0.3925691277894554
      ]
    },
    "spacy-lg-concat--spacy-lg": {
      "jaccard": [
        0.7496229260935143
      ],
      "braycurtis": [
        0.5617916891527253
      ],
      "dice": [
        0.5995174909529554
      ],
      "cosinus": [
        0.2501984784560498
      ]
    },
    "spacy-lg-concat--spacy-lg-concat": {
      "jaccard": [
        0.6786833855799373
      ],
      "braycurtis": [
        0.42539388322520855
      ],
      "dice": [
        0.5136417556346382
      ],
      "cosinus": [
        0.07199266055002396
      ]
    },
    "spacy-lg-concat--spacy-md": {
      "jaccard": [
        0.5863228699551569
      ],
      "braycurtis": [
        0.43644444444444447
      ],
      "dice": [
        0.4147501982553529
      ],
      "cosinus": [
        0.3336575982888256
      ]
    },
    "spacy-lg-concat--spacy-sm": {
      "jaccard": [
        0.6872909698996655
      ],
      "braycurtis": [
        0.5687749823653891
      ],
      "dice": [
        0.5235668789808917
      ],
      "cosinus": [
        0.5273405822230566
      ]
    },
    "spacy-lg-concat--spacy-md-concat": {
      "jaccard": [
        0.3992490613266583
      ],
      "braycurtis": [
        0.21791849107443584
      ],