{
  "txt": {
    "PP--Tesseract-PNG": {
      "jaccard": [
        0.507182682846835
      ],
      "braycurtis": [
        0.17087869023774274
      ],
      "dice": [
        0.33974865981193425
      ],
      "cosinus": [
        0.036279550654299664
      ]
    }
  },
  "json": {
    "spacy-sm-concat--spacy-sm": {
      "jaccard": [
        0.8842777334397446
      ],
      "braycurtis": [
        0.7005458799064206
      ],
      "dice": [
        0.7925608011444921
      ],
      "cosinus": [
        0.5544270233634818
      ]
    },
    "spacy-sm-concat--spacy-md": {
      "jaccard": [
        0.8981380065717415
      ],
      "braycurtis": [
        0.6849593495934959
      ],
      "dice": [
        0.8151093439363817
      ],
      "cosinus": [
        0.5661974850700738
      ]
    },
    "spacy-sm-concat--spacy-lg": {
      "jaccard": [
        0.9034564958283671
      ],
      "braycurtis": [
        0.6871903750884643
      ],
      "dice": [
        0.8239130434782609
      ],
      "cosinus": [
        0.5091146172692447
      ]
    },
    "spacy-sm-concat--spacy-md-concat": {
      "jaccard": [
        0.8949152542372881
      ],
      "braycurtis": [
        0.7016534867002157
      ],
      "dice": [
        0.8098159509202454
      ],
      "cosinus": [
        0.611936583514497
      ]
    },
    "spacy-sm-concat--spacy-lg-concat": {
      "jaccard": [
        0.9081015719467956
      ],
      "braycurtis": [
        0.7013232514177694
      ],
      "dice": [
        0.831672203765227
      ],
      "cosinus": [
        0.5551485032623781
      ]
    },
    "spacy-sm-concat--spacy-sm-concat": {
      "jaccard": [
        0.8833333333333333
      ],
      "braycurtis": [
        0.6917866215071973
      ],
      "dice": [
        0.7910447761194029
      ],
      "cosinus": [
        0.5541264137829287
      ]
    },
    "spacy-sm--spacy-md": {
      "jaccard": [
        0.7652292950034223
      ],
      "braycurtis": [
        0.5647831800262813
      ],
      "dice": [
        0.6197339246119734
      ],
      "cosinus": [
        0.32455495426448433
      ]
    },
    "spacy-sm--spacy-lg": {
      "jaccard": [
        0.7977606717984604
      ],
      "braycurtis": [
        0.5612938298450666
      ],
      "dice": [
        0.6635622817229336
      ],
      "cosinus": [
        0.209719054020033
      ]
    },
    "spacy-sm--spacy-md-concat": {
      "jaccard": [
        0.8088531187122736
      ],
      "braycurtis": [
        0.637414030261348
      ],
      "dice": [
        0.6790540540540541
      ],
      "cosinus": [
        0.38024927875656456
      ]
    },
    "spacy-sm--spacy-lg-concat": {
      "jaccard": [
        0.845213849287169
      ],
      "braycurtis": [
        0.6546598056032018
      ],
      "dice": [
        0.7319223985890653
      ],
      "cosinus": [
        0.28647508112169795
      ]
    },
    "spacy-sm--spacy-sm": {
      "jaccard": [
        0.8536585365853658
      ],
      "braycurtis": [
        0.661483558501147
      ],
      "dice": [
        0.7446808510638298
      ],
      "cosinus": [
        0.5387336263961742
      ]
    },
    "spacy-sm--spacy-sm-concat": {
      "jaccard": [
        0.324468085106383
      ],
      "braycurtis": [
        0.21428571428571427
      ],
      "dice": [
        0.19365079365079366
      ],
      "cosinus": [
        0.15405028733216453
      ]
    },
    "spacy-md--spacy-lg": {
      "jaccard": [
        0.8715469613259669
      ],
      "braycurtis": [
        0.5909090909090909
      ],
      "dice": [
        0.7723378212974297
      ],
      "cosinus": [
        0.24539319587711328
      ]
    },
    "spacy-md--spacy-md-concat": {
      "jaccard": [
        0.8895939086294417
      ],
      "braycurtis": [
        0.6281818181818182
      ],
      "dice": [
        0.8011428571428572
      ],
      "cosinus": [
        0.34534779743284405
      ]
    },
    "spacy-md--spacy-lg-concat": {
      "jaccard": [
        0.7857142857142857
      ],
      "braycurtis": [
        0.539761813292355
      ],
      "dice": [
        0.6470588235294118
      ],
      "cosinus": [
        0.23322962692510785
      ]
    },
    "spacy-md--spacy-sm": {
      "jaccard": [
        0.9099326599326599
      ],
      "braycurtis": [
        0.6845329249617151
      ],
      "dice": [
        0.8347490347490347
      ],
      "cosinus": [
        0.34749096300376636
      ]
    },
    "spacy-md--spacy-md": {
      "jaccard": [
        0.8540609137055838
      ],
      "braycurtis": [
        0.5561181434599156
      ],
      "dice": [
        0.7452934662236987
      ],
      "cosinus": [
        0.3079209156869098
      ]
    },
    "spacy-md--spacy-sm-concat": {
      "jaccard": [
        0.8119266055045872
      ],
      "braycurtis": [
        0.6075407026563839
      ],
      "dice": [
        0.6833976833976834
      ],
      "cosinus": [
        0.3121331500254426
      ]
    },
    "spacy-lg--spacy-md-concat": {
      "jaccard": [
        0.9045751633986928
      ],
      "braycurtis": [
        0.6759041803663692
      ],
      "dice": [
        0.8257756563245824
      ],
      "cosinus": [
        0.4472581589416934
      ]
    },
    "spacy-lg--spacy-lg-concat": {
      "jaccard": [
        0.349527665317139
      ],
      "braycurtis": [
        0.20145337101332256
      ],
      "dice": [
        0.21177432542927227
      ],
      "cosinus": [
        0.06385763794349242
      ]
    },
    "spacy-lg--spacy-sm": {
      "jaccard": [
        0.91458153580673
      ],
      "braycurtis": [
        0.7113337507827175
      ],
      "dice": [
        0.8426073131955485
      ],
      "cosinus": [
        0.4103560336933971
      ]
    },
    "spacy-lg--spacy-lg": {
      "jaccard": [
        0.8512518409425626
      ],
      "braycurtis": [
        0.5830648872526462
      ],
      "dice": [
        0.7410256410256411
      ],
      "cosinus": [
        0.3273304993537979
      ]
    },
    "spacy-lg--spacy-md": {
      "jaccard": [
        0.7138700290979632
      ],
      "braycurtis": [
        0.4410919540229885
      ],
      "dice": [
        0.555052790346908
      ],
      "cosinus": [
        0.20158890274494567
      ]
    },
    "spacy-lg--spacy-sm-concat": {
      "jaccard": [
        0.8386012104909213
      ],
      "braycurtis": [
        0.6195555555555555
      ],
      "dice": [
        0.7220613781123335
      ],
      "cosinus": [
        0.2349826203622345
      ]
    },
    "spacy-md-concat--spacy-lg-concat": {
      "jaccard": [
        0.7514619883040936
      ],
      "braycurtis": [
        0.4919852034525277
      ],
      "dice": [
        0.6018735362997658
      ],
      "cosinus": [
        0.2138792093866212
      ]
    },
    "spacy-md-concat--spacy-sm": {
      "jaccard": [
        0.93
      ],
      "braycurtis": [
        0.7284726587052168
      ],
      "dice": [
        0.8691588785046729
      ],
      "cosinus": [
        0.3811605415961977
      ]
    },
    "spacy-md-concat--spacy-md-concat": {
      "jaccard": [
        0.8851612903225806
      ],
      "braycurtis": [
        0.6211620217288616
      ],
      "dice": [
        0.7939814814814815
      ],
      "cosinus": [
        0.3486434378029222
      ]
    },
    "spacy-md-concat--spacy-lg": {
      "jaccard": [
        0.7754716981132076
      ],
      "braycurtis": [
        0.5202754399387911
      ],
      "dice": [
        0.6332819722650231
      ],
      "cosinus": [
        0.2349092282979599
      ]
    },
    "spacy-md-concat--spacy-md": {
      "jaccard": [
        0.2934648581997534
      ],
      "braycurtis": [
        0.16569343065693432
      ],
      "dice": [
        0.17196531791907516
      ],
      "cosinus": [
        0.03536233621827434
      ]
    },
    "spacy-md-concat--spacy-sm-concat": {
      "jaccard": [
        0.802013422818792
      ],
      "braycurtis": [
        0.6043230261182828
      ],