{
  "txt": {
    "PP--Tesseract-BIN": {
      "jaccard": [
        0.5099324723005311
      ],
      "braycurtis": [
        0.17185758082497213
      ],
      "dice": [
        0.34222104892643435
      ],
      "cosinus": [
        0.03660074073225583
      ]
    }
  },
  "json": {
    "spacy-sm-concat--spacy-sm": {
      "jaccard": [
        0.33081570996978854
      ],
      "braycurtis": [
        0.2111263109895121
      ],
      "dice": [
        0.19819004524886877
      ],
      "cosinus": [
        0.14674142569490256
      ]
    },
    "spacy-sm-concat--spacy-md": {
      "jaccard": [
        0.8090909090909091
      ],
      "braycurtis": [
        0.6054810162717671
      ],
      "dice": [
        0.6793893129770993
      ],
      "cosinus": [
        0.3135738171162261
      ]
    },
    "spacy-sm-concat--spacy-lg": {
      "jaccard": [
        0.9065533980582524
      ],
      "braycurtis": [
        0.6908765652951699
      ],
      "dice": [
        0.8290788013318535
      ],
      "cosinus": [
        0.5203245256641525
      ]
    },
    "spacy-sm-concat--spacy-md-concat": {
      "jaccard": [
        0.8003978779840849
      ],
      "braycurtis": [
        0.6003594967046135
      ],
      "dice": [
        0.6672194582642343
      ],
      "cosinus": [
        0.3090395339484072
      ]
    },
    "spacy-sm-concat--spacy-lg-concat": {
      "jaccard": [
        0.8250871080139373
      ],
      "braycurtis": [
        0.5974723538704582
      ],
      "dice": [
        0.7022538552787663
      ],
      "cosinus": [
        0.21605915029564704
      ]
    },
    "spacy-sm-concat--spacy-sm-concat": {
      "jaccard": [
        0.8760991207034372
      ],
      "braycurtis": [
        0.6928289102202145
      ],
      "dice": [
        0.7795163584637269
      ],
      "cosinus": [
        0.5691392676744873
      ]
    },
    "spacy-sm--spacy-md": {
      "jaccard": [
        0.8695652173913043
      ],
      "braycurtis": [
        0.6575387660838007
      ],
      "dice": [
        0.7692307692307693
      ],
      "cosinus": [
        0.5863779081124479
      ]
    },
    "spacy-sm--spacy-lg": {
      "jaccard": [
        0.8769987699876999
      ],
      "braycurtis": [
        0.6551724137931034
      ],
      "dice": [
        0.7809419496166484
      ],
      "cosinus": [
        0.5093712210376581
      ]
    },
    "spacy-sm--spacy-md-concat": {
      "jaccard": [
        0.8111842105263158
      ],
      "braycurtis": [
        0.631810676940011
      ],
      "dice": [
        0.6823464305478694
      ],
      "cosinus": [
        0.36751937433456927
      ]
    },
    "spacy-sm--spacy-lg-concat": {
      "jaccard": [
        0.9121951219512195
      ],
      "braycurtis": [
        0.7073895284069811
      ],
      "dice": [
        0.8385650224215246
      ],
      "cosinus": [
        0.5601689262704567
      ]
    },
    "spacy-sm--spacy-sm-concat": {
      "jaccard": [
        0.8817034700315457
      ],
      "braycurtis": [
        0.6937534549474847
      ],
      "dice": [
        0.7884344146685472
      ],
      "cosinus": [
        0.5662564588199985
      ]
    },
    "spacy-sm--spacy-sm": {
      "jaccard": [
        0.8450244698205547
      ],
      "braycurtis": [
        0.6571282575370465
      ],
      "dice": [
        0.731638418079096
      ],
      "cosinus": [
        0.5513252750267625
      ]
    },
    "spacy-md--spacy-lg": {
      "jaccard": [
        0.8696883852691218
      ],
      "braycurtis": [
        0.5978309986443742
      ],
      "dice": [
        0.7694235588972431
      ],
      "cosinus": [
        0.24565168390005587
      ]
    },
    "spacy-md--spacy-md-concat": {
      "jaccard": [
        0.28622754491017965
      ],
      "braycurtis": [
        0.16030534351145037
      ],
      "dice": [
        0.16701607267645002
      ],
      "cosinus": [
        0.0405414187198897
      ]
    },
    "spacy-md--spacy-lg-concat": {
      "jaccard": [
        0.9071729957805907
      ],
      "braycurtis": [
        0.6628992628992629
      ],
      "dice": [
        0.8301158301158301
      ],
      "cosinus": [
        0.2771801458369455
      ]
    },
    "spacy-md--spacy-sm-concat": {
      "jaccard": [
        0.9293344289235825
      ],
      "braycurtis": [
        0.706081081081081
      ],
      "dice": [
        0.8679969301611665
      ],
      "cosinus": [
        0.302074661473515
      ]
    },
    "spacy-md--spacy-md": {
      "jaccard": [
        0.8551980198019802
      ],
      "braycurtis": [
        0.5659502739148757
      ],
      "dice": [
        0.7470270270270271
      ],
      "cosinus": [
        0.3090724318546255
      ]
    },
    "spacy-md--spacy-sm": {
      "jaccard": [
        0.7629979743416611
      ],
      "braycurtis": [
        0.5588312713872071
      ],
      "dice": [
        0.6168122270742358
      ],
      "cosinus": [
        0.3105438256440928
      ]
    },
    "spacy-lg--spacy-md-concat": {
      "jaccard": [
        0.7449470644850819
      ],
      "braycurtis": [
        0.5052103434967194
      ],
      "dice": [
        0.593558282208589
      ],
      "cosinus": [
        0.2388482029310175
      ]
    },
    "spacy-lg--spacy-lg-concat": {
      "jaccard": [
        0.36426592797783935
      ],
      "braycurtis": [
        0.20347394540942929
      ],
      "dice": [
        0.222692633361558
      ],
      "cosinus": [
        0.05898605539149593
      ]
    },
    "spacy-lg--spacy-lg": {
      "jaccard": [
        0.848714069591528
      ],
      "braycurtis": [
        0.5891690009337068
      ],
      "dice": [
        0.7371879106438897
      ],
      "cosinus": [
        0.3257702787768618
      ]
    },
    "spacy-lg--spacy-sm-concat": {
      "jaccard": [
        0.8332194121667806
      ],
      "braycurtis": [
        0.6057433443015255
      ],
      "dice": [
        0.7141183362624487
      ],
      "cosinus": [
        0.228455463211779
      ]
    },
    "spacy-lg--spacy-md": {
      "jaccard": [
        0.6828543111992071
      ],
      "braycurtis": [
        0.44194484760522496
      ],
      "dice": [
        0.5184349134687735
      ],
      "cosinus": [
        0.21436617744895603
      ]
    },
    "spacy-lg--spacy-sm": {
      "jaccard": [
        0.7873399715504978
      ],
      "braycurtis": [
        0.551525144270404
      ],
      "dice": [
        0.649266862170088
      ],
      "cosinus": [
        0.20875276014393118
      ]
    },
    "spacy-md-concat--spacy-lg-concat": {
      "jaccard": [
        0.8946608946608947
      ],
      "braycurtis": [
        0.6454918032786885
      ],
      "dice": [
        0.8093994778067886
      ],
      "cosinus": [
        0.27409482034916244
      ]
    },
    "spacy-md-concat--spacy-lg": {
      "jaccard": [
        0.9008379888268156
      ],
      "braycurtis": [
        0.6422535211267606
      ],
      "dice": [
        0.8195679796696315
      ],
      "cosinus": [
        0.26319807954101204
      ]
    },
    "spacy-md-concat--spacy-sm-concat": {
      "jaccard": [
        0.9295774647887324
      ],
      "braycurtis": [
        0.7128953771289538
      ],
      "dice": [
        0.868421052631579
      ],
      "cosinus": [
        0.31312352611278993
      ]
    },
    "spacy-md-concat--spacy-md": {
      "jaccard": [
        0.8934624697336562
      ],
      "braycurtis": [
        0.6218340611353712
      ],
      "dice": [
        0.8074398249452954
      ],
      "cosinus": [
        0.3338557350542728
      ]
    },
    "spacy-md-concat--spacy-sm": {
      "jaccard": [
        0.925895087427144
      ],
      "braycurtis": [
        0.723290261582099
      ],
      "dice": [
        0.862015503875969
      ],
      "cosinus": [
        0.38116196173429717
      ]
    },
    "spacy-md-concat--spacy-md-concat": {
      "jaccard": [
        0.8845671267252195
      ],
      "braycurtis": [
        0.6272941176470588
      ],