{
  "txt": {
    "PP--Tesseract-PNG": {
      "jaccard": [
        0.4948613262001971
      ],
      "braycurtis": [
        0.19464879060926596
      ],
      "dice": [
        0.32878121784678704
      ],
      "cosinus": [
        0.07270914164609621
      ]
    }
  },
  "json": {
    "spacy-sm-concat--spacy-md-concat": {
      "jaccard": [
        0.9153605015673981
      ],
      "braycurtis": [
        0.7682539682539683
      ],
      "dice": [
        0.8439306358381503
      ],
      "cosinus": [
        0.6415070011485388
      ]
    },
    "spacy-sm-concat--spacy-lg": {
      "jaccard": [
        0.9274924471299094
      ],
      "braycurtis": [
        0.7688022284122563
      ],
      "dice": [
        0.8647887323943662
      ],
      "cosinus": [
        0.6366194743821321
      ]
    },
    "spacy-sm-concat--spacy-md": {
      "jaccard": [
        0.9191616766467066
      ],
      "braycurtis": [
        0.7810650887573964
      ],
      "dice": [
        0.850415512465374
      ],
      "cosinus": [
        0.6734889174734737
      ]
    },
    "spacy-sm-concat--spacy-lg-concat": {
      "jaccard": [
        0.8204592901878914
      ],
      "braycurtis": [
        0.6340257171117705
      ],
      "dice": [
        0.695575221238938
      ],
      "cosinus": [
        0.23683696713668778
      ]
    },
    "spacy-sm-concat--spacy-sm": {
      "jaccard": [
        0.3333333333333333
      ],
      "braycurtis": [
        0.1819526627218935
      ],
      "dice": [
        0.2
      ],
      "cosinus": [
        0.03606087645657552
      ]
    },
    "spacy-sm-concat--spacy-sm-concat": {
      "jaccard": [
        0.8533333333333334
      ],
      "braycurtis": [
        0.6545654565456546
      ],
      "dice": [
        0.7441860465116279
      ],
      "cosinus": [
        0.6269953478422361
      ]
    },
    "spacy-md-concat--spacy-lg": {
      "jaccard": [
        0.9386281588447654
      ],
      "braycurtis": [
        0.7669565217391304
      ],
      "dice": [
        0.8843537414965986
      ],
      "cosinus": [
        0.6172675244312396
      ]
    },
    "spacy-md-concat--spacy-md": {
      "jaccard": [
        0.9361702127659575
      ],
      "braycurtis": [
        0.7673545966228893
      ],
      "dice": [
        0.88
      ],
      "cosinus": [
        0.6194558702124455
      ]
    },
    "spacy-md-concat--spacy-lg-concat": {
      "jaccard": [
        0.7914572864321608
      ],
      "braycurtis": [
        0.587431693989071
      ],
      "dice": [
        0.6548856548856549
      ],
      "cosinus": [
        0.37831296753113963
      ]
    },
    "spacy-md-concat--spacy-sm": {
      "jaccard": [
        0.845691382765531
      ],
      "braycurtis": [
        0.7222739981360671
      ],
      "dice": [
        0.7326388888888888
      ],
      "cosinus": [
        0.527414123109017
      ]
    },
    "spacy-md-concat--spacy-md-concat": {
      "jaccard": [
        0.9080459770114943
      ],
      "braycurtis": [
        0.728952772073922
      ],
      "dice": [
        0.8315789473684211
      ],
      "cosinus": [
        0.5499483004354402
      ]
    },
    "spacy-md-concat--spacy-sm-concat": {
      "jaccard": [
        0.8237704918032787
      ],
      "braycurtis": [
        0.6879432624113475
      ],
      "dice": [
        0.7003484320557491
      ],
      "cosinus": [
        0.5243040819955191
      ]
    },
    "spacy-lg--spacy-md": {
      "jaccard": [
        0.9028776978417267
      ],
      "braycurtis": [
        0.725
      ],
      "dice": [
        0.8229508196721311
      ],
      "cosinus": [
        0.5858174511069355
      ]
    },
    "spacy-lg--spacy-lg-concat": {
      "jaccard": [
        0.37748344370860926
      ],
      "braycurtis": [
        0.2146341463414634
      ],
      "dice": [
        0.23265306122448978
      ],
      "cosinus": [
        0.09159056526142573
      ]
    },
    "spacy-lg--spacy-sm": {
      "jaccard": [
        0.8012295081967213
      ],
      "braycurtis": [
        0.5986218776916451
      ],
      "dice": [
        0.6683760683760683
      ],
      "cosinus": [
        0.1787704205254076
      ]
    },
    "spacy-lg--spacy-lg": {
      "jaccard": [
        0.8884758364312267
      ],
      "braycurtis": [
        0.6777408637873754
      ],
      "dice": [
        0.7993311036789298
      ],
      "cosinus": [
        0.5538833106657939
      ]
    },
    "spacy-lg--spacy-md-concat": {
      "jaccard": [
        0.8203309692671394
      ],
      "braycurtis": [
        0.6331658291457286
      ],
      "dice": [
        0.6953907815631263
      ],
      "cosinus": [
        0.40500247550787305
      ]
    },
    "spacy-lg--spacy-sm-concat": {
      "jaccard": [
        0.8386454183266933
      ],
      "braycurtis": [
        0.6409302325581395
      ],
      "dice": [
        0.7221269296740995
      ],
      "cosinus": [
        0.2138998099381787
      ]
    },
    "spacy-md--spacy-lg-concat": {
      "jaccard": [
        0.8162291169451074
      ],
      "braycurtis": [
        0.6015424164524421
      ],
      "dice": [
        0.6895161290322581
      ],
      "cosinus": [
        0.3776947094709866
      ]
    },
    "spacy-md--spacy-sm": {
      "jaccard": [
        0.7914110429447853
      ],
      "braycurtis": [
        0.647899910634495
      ],
      "dice": [
        0.6548223350253807
      ],
      "cosinus": [
        0.3987549211059108
      ]
    },
    "spacy-md--spacy-md": {
      "jaccard": [
        0.8880866425992779
      ],
      "braycurtis": [
        0.6925858951175407
      ],
      "dice": [
        0.7987012987012987
      ],
      "cosinus": [
        0.5647796138801626
      ]
    },
    "spacy-md--spacy-lg": {
      "jaccard": [
        0.7673860911270983
      ],
      "braycurtis": [
        0.5463182897862233
      ],
      "dice": [
        0.622568093385214
      ],
      "cosinus": [
        0.3125851774742575
      ]
    },
    "spacy-md--spacy-md-concat": {
      "jaccard": [
        0.3656957928802589
      ],
      "braycurtis": [
        0.19363395225464192
      ],
      "dice": [
        0.22376237623762377
      ],
      "cosinus": [
        0.08522931593911998
      ]
    },
    "spacy-md--spacy-sm-concat": {
      "jaccard": [
        0.8313492063492064
      ],
      "braycurtis": [
        0.68054211035818
      ],
      "dice": [
        0.7113752122241087
      ],
      "cosinus": [
        0.44803557184974563
      ]
    },
    "spacy-lg-concat--spacy-sm": {
      "jaccard": [
        0.8404907975460123
      ],
      "braycurtis": [
        0.6773017319963537
      ],
      "dice": [
        0.7248677248677249
      ],
      "cosinus": [
        0.272555721697172
      ]
    },
    "spacy-lg-concat--spacy-md": {
      "jaccard": [
        0.9430604982206405
      ],
      "braycurtis": [
        0.7822878228782287
      ],
      "dice": [
        0.8922558922558923
      ],
      "cosinus": [
        0.6173469634993933
      ]
    },
    "spacy-lg-concat--spacy-lg": {
      "jaccard": [
        0.9340659340659341
      ],
      "braycurtis": [
        0.7363013698630136
      ],
      "dice": [
        0.8762886597938144
      ],
      "cosinus": [
        0.582657359894029
      ]
    },
    "spacy-lg-concat--spacy-md-concat": {
      "jaccard": [
        0.9236641221374046
      ],
      "braycurtis": [
        0.75
      ],
      "dice": [
        0.8581560283687943
      ],
      "cosinus": [
        0.5525142024647272
      ]
    },
    "spacy-lg-concat--spacy-sm-concat": {
      "jaccard": [
        0.936046511627907
      ],
      "braycurtis": [
        0.7187096774193549
      ],
      "dice": [
        0.8797814207650273
      ],
      "cosinus": [
        0.6682714159888603
      ]
    },
    "spacy-lg-concat--spacy-lg-concat": {
      "jaccard": [
        0.9166666666666666
      ],
      "braycurtis": [
        0.7038461538461539
      ],