{
  "txt": {
    "Tesseract-PNG--PP": {
      "jaccard": [
        0.46415403523146254
      ],
      "braycurtis": [
        0.11386075011118249
      ],
      "dice": [
        0.3022139237129901
      ],
      "cosinus": [
        0.009246555351272057
      ]
    }
  },
  "json": {
    "spacy-lg--spacy-sm": {
      "jaccard": [
        0.8676056338028169
      ],
      "braycurtis": [
        0.7706013363028953
      ],
      "dice": [
        0.7661691542288557
      ],
      "cosinus": [
        0.7110610099285886
      ]
    },
    "spacy-lg--spacy-sm-concat": {
      "jaccard": [
        0.8977900552486188
      ],
      "braycurtis": [
        0.817762399077278
      ],
      "dice": [
        0.8145363408521303
      ],
      "cosinus": [
        0.752318106222291
      ]
    },
    "spacy-lg--spacy-md-concat": {
      "jaccard": [
        0.5512820512820513
      ],
      "braycurtis": [
        0.35913978494623655
      ],
      "dice": [
        0.3805309734513274
      ],
      "cosinus": [
        0.11697842639136213
      ]
    },
    "spacy-lg--spacy-md": {
      "jaccard": [
        0.8714285714285714
      ],
      "braycurtis": [
        0.5988857938718662
      ],
      "dice": [
        0.7721518987341772
      ],
      "cosinus": [
        0.14747232072848482
      ]
    },
    "spacy-lg--spacy-lg-concat": {
      "jaccard": [
        0.8881118881118881
      ],
      "braycurtis": [
        0.5945121951219512
      ],
      "dice": [
        0.7987421383647799
      ],
      "cosinus": [
        0.06514788122702164
      ]
    },
    "spacy-lg--spacy-lg": {
      "jaccard": [
        0.8369565217391305
      ],
      "braycurtis": [
        0.5094890510948905
      ],
      "dice": [
        0.719626168224299
      ],
      "cosinus": [
        0.04798468175237558
      ]
    },
    "spacy-sm--spacy-sm-concat": {
      "jaccard": [
        0.2795031055900621
      ],
      "braycurtis": [
        0.09327036599763873
      ],
      "dice": [
        0.1624548736462094
      ],
      "cosinus": [
        0.015659928784016786
      ]
    },
    "spacy-sm--spacy-md-concat": {
      "jaccard": [
        0.7483870967741936
      ],
      "braycurtis": [
        0.5132743362831859
      ],
      "dice": [
        0.5979381443298969
      ],
      "cosinus": [
        0.4047883395937165
      ]
    },
    "spacy-sm--spacy-md": {
      "jaccard": [
        0.6802721088435374
      ],
      "braycurtis": [
        0.45558739255014324
      ],
      "dice": [
        0.5154639175257731
      ],
      "cosinus": [
        0.3874820282320305
      ]
    },
    "spacy-sm--spacy-lg-concat": {
      "jaccard": [
        0.9436008676789588
      ],
      "braycurtis": [
        0.8352180936995154
      ],
      "dice": [
        0.893223819301848
      ],
      "cosinus": [
        0.5730224065338114
      ]
    },
    "spacy-sm--spacy-sm": {
      "jaccard": [
        0.7613882863340564
      ],
      "braycurtis": [
        0.5351351351351351
      ],
      "dice": [
        0.6147110332749562
      ],
      "cosinus": [
        0.3020367966939286
      ]
    },
    "spacy-sm--spacy-lg": {
      "jaccard": [
        0.6907894736842105
      ],
      "braycurtis": [
        0.6360902255639098
      ],
      "dice": [
        0.5276381909547738
      ],
      "cosinus": [
        0.715162620899728
      ]
    },
    "spacy-sm-concat--spacy-md-concat": {
      "jaccard": [
        0.6827586206896552
      ],
      "braycurtis": [
        0.4775888717156105
      ],
      "dice": [
        0.518324607329843
      ],
      "cosinus": [
        0.4233077774755002
      ]
    },
    "spacy-sm-concat--spacy-md": {
      "jaccard": [
        0.9287257019438445
      ],
      "braycurtis": [
        0.7392040643522438
      ],
      "dice": [
        0.8669354838709677
      ],
      "cosinus": [
        0.5166741093619247
      ]
    },
    "spacy-sm-concat--spacy-lg-concat": {
      "jaccard": [
        0.9336188436830836
      ],
      "braycurtis": [
        0.8498659517426274
      ],
      "dice": [
        0.8755020080321285
      ],
      "cosinus": [
        0.6986406437002559
      ]
    },
    "spacy-sm-concat--spacy-sm": {
      "jaccard": [
        0.8049281314168378
      ],
      "braycurtis": [
        0.5415135929463629
      ],
      "dice": [
        0.6735395189003437
      ],
      "cosinus": [
        0.27313580799327863
      ]
    },
    "spacy-sm-concat--spacy-sm-concat": {
      "jaccard": [
        0.791231732776618
      ],
      "braycurtis": [
        0.5428571428571428
      ],
      "dice": [
        0.6545768566493955
      ],
      "cosinus": [
        0.28346651600113537
      ]
    },
    "spacy-sm-concat--spacy-lg": {
      "jaccard": [
        0.759493670886076
      ],
      "braycurtis": [
        0.7003154574132492
      ],
      "dice": [
        0.6122448979591837
      ],
      "cosinus": [
        0.7535583433957347
      ]
    },
    "spacy-md-concat--spacy-md": {
      "jaccard": [
        0.875
      ],
      "braycurtis": [
        0.5478927203065134
      ],
      "dice": [
        0.7777777777777778
      ],
      "cosinus": [
        0.20241832768888335
      ]
    },
    "spacy-md-concat--spacy-lg-concat": {
      "jaccard": [
        0.8938906752411575
      ],
      "braycurtis": [
        0.6671289875173371
      ],
      "dice": [
        0.8081395348837209
      ],
      "cosinus": [
        0.260518826748142
      ]
    },
    "spacy-md-concat--spacy-sm": {
      "jaccard": [
        0.8795811518324608
      ],
      "braycurtis": [
        0.7050882658359294
      ],
      "dice": [
        0.7850467289719626
      ],
      "cosinus": [
        0.5654339971038862
      ]
    },
    "spacy-md-concat--spacy-sm-concat": {
      "jaccard": [
        0.8696808510638298
      ],
      "braycurtis": [
        0.7017167381974249
      ],
      "dice": [
        0.7694117647058824
      ],
      "cosinus": [
        0.5897520463304531
      ]
    },
    "spacy-md-concat--spacy-lg": {
      "jaccard": [
        0.8842443729903537
      ],
      "braycurtis": [
        0.632
      ],
      "dice": [
        0.792507204610951
      ],
      "cosinus": [
        0.24271829397037736
      ]
    },
    "spacy-md-concat--spacy-md-concat": {
      "jaccard": [
        0.8637873754152824
      ],
      "braycurtis": [
        0.5360419397116645
      ],
      "dice": [
        0.7602339181286549
      ],
      "cosinus": [
        0.19933092992561252
      ]
    },
    "spacy-md--spacy-lg-concat": {
      "jaccard": [
        0.9085365853658537
      ],
      "braycurtis": [
        0.633495145631068
      ],
      "dice": [
        0.8324022346368715
      ],
      "cosinus": [
        0.14593256802506527
      ]
    },
    "spacy-md--spacy-sm": {
      "jaccard": [
        0.8549222797927462
      ],
      "braycurtis": [
        0.6791744840525328
      ],
      "dice": [
        0.746606334841629
      ],
      "cosinus": [
        0.6448156912463783
      ]
    },
    "spacy-md--spacy-md": {
      "jaccard": [
        0.8626198083067093
      ],
      "braycurtis": [
        0.54627539503386
      ],
      "dice": [
        0.7584269662921348
      ],
      "cosinus": [
        0.16458880459422465
      ]
    },
    "spacy-md--spacy-sm-concat": {
      "jaccard": [
        0.743421052631579
      ],
      "braycurtis": [
        0.5112443778110944
      ],
      "dice": [
        0.5916230366492147
      ],
      "cosinus": [
        0.4242701690418397
      ]
    },
    "spacy-md--spacy-lg": {
      "jaccard": [
        0.4305555555555556
      ],
      "braycurtis": [
        0.29896907216494845
      ],
      "dice": [
        0.2743362831858407
      ],
      "cosinus": [
        0.11386339594161454
      ]
    },
    "spacy-md--spacy-md-concat": {
      "jaccard": [
        0.25806451612903225
      ],
      "braycurtis": [
        0.08835341365461848
      ],