{
  "txt": {
    "TesseractFra-BIN--PP": {
      "jaccard": [
        0.3657151397399492
      ],
      "braycurtis": [
        0.06519011726120501
      ],
      "dice": [
        0.22377686328303611
      ],
      "cosinus": [
        0.0017558217817864596
      ]
    }
  },
  "json": {
    "spacy-lg--spacy-md-concat": {
      "jaccard": [
        0.5512820512820513
      ],
      "braycurtis": [
        0.35913978494623655
      ],
      "dice": [
        0.3805309734513274
      ],
      "cosinus": [
        0.11697842639136213
      ]
    },
    "spacy-lg--spacy-md": {
      "jaccard": [
        0.8112244897959183
      ],
      "braycurtis": [
        0.4974182444061962
      ],
      "dice": [
        0.6824034334763949
      ],
      "cosinus": [
        0.1290181529477794
      ]
    },
    "spacy-lg--spacy-sm": {
      "jaccard": [
        0.8272058823529411
      ],
      "braycurtis": [
        0.7319316688567674
      ],
      "dice": [
        0.7053291536050157
      ],
      "cosinus": [
        0.7132056007972847
      ]
    },
    "spacy-lg--spacy-sm-concat": {
      "jaccard": [
        0.8714285714285714
      ],
      "braycurtis": [
        0.7835616438356164
      ],
      "dice": [
        0.7721518987341772
      ],
      "cosinus": [
        0.7497469943938224
      ]
    },
    "spacy-lg--spacy-lg-concat": {
      "jaccard": [
        0.8366336633663366
      ],
      "braycurtis": [
        0.464354527938343
      ],
      "dice": [
        0.7191489361702128
      ],
      "cosinus": [
        0.02974174481882319
      ]
    },
    "spacy-lg--spacy-lg": {
      "jaccard": [
        0.7604166666666666
      ],
      "braycurtis": [
        0.38321167883211676
      ],
      "dice": [
        0.6134453781512605
      ],
      "cosinus": [
        0.01986607873808577
      ]
    },
    "spacy-md-concat--spacy-md": {
      "jaccard": [
        0.8318965517241379
      ],
      "braycurtis": [
        0.423728813559322
      ],
      "dice": [
        0.7121771217712177
      ],
      "cosinus": [
        0.05119317493195363
      ]
    },
    "spacy-md-concat--spacy-sm": {
      "jaccard": [
        0.8594249201277955
      ],
      "braycurtis": [
        0.6501809408926418
      ],
      "dice": [
        0.7535014005602241
      ],
      "cosinus": [
        0.4938808964513641
      ]
    },
    "spacy-md-concat--spacy-sm-concat": {
      "jaccard": [
        0.8543689320388349
      ],
      "braycurtis": [
        0.6491228070175439
      ],
      "dice": [
        0.7457627118644068
      ],
      "cosinus": [
        0.5238741409114043
      ]
    },
    "spacy-md-concat--spacy-lg-concat": {
      "jaccard": [
        0.871900826446281
      ],
      "braycurtis": [
        0.5638841567291312
      ],
      "dice": [
        0.7728937728937729
      ],
      "cosinus": [
        0.10165717496218774
      ]
    },
    "spacy-md-concat--spacy-lg": {
      "jaccard": [
        0.8547717842323651
      ],
      "braycurtis": [
        0.5227272727272727
      ],
      "dice": [
        0.7463768115942029
      ],
      "cosinus": [
        0.08460023181786058
      ]
    },
    "spacy-md-concat--spacy-md-concat": {
      "jaccard": [
        0.8165938864628821
      ],
      "braycurtis": [
        0.40858505564387915
      ],
      "dice": [
        0.6900369003690037
      ],
      "cosinus": [
        0.04502542831414669
      ]
    },
    "spacy-md--spacy-sm": {
      "jaccard": [
        0.8338557993730408
      ],
      "braycurtis": [
        0.6143187066974596
      ],
      "dice": [
        0.7150537634408602
      ],
      "cosinus": [
        0.4883840752312746
      ]
    },
    "spacy-md--spacy-sm-concat": {
      "jaccard": [
        0.743421052631579
      ],
      "braycurtis": [
        0.5112443778110944
      ],
      "dice": [
        0.5916230366492147
      ],
      "cosinus": [
        0.4242701690418397
      ]
    },
    "spacy-md--spacy-lg-concat": {
      "jaccard": [
        0.8923076923076924
      ],
      "braycurtis": [
        0.5961538461538461
      ],
      "dice": [
        0.8055555555555556
      ],
      "cosinus": [
        0.11084288113021057
      ]
    },
    "spacy-md--spacy-md": {
      "jaccard": [
        0.8083333333333333
      ],
      "braycurtis": [
        0.39941690962099125
      ],
      "dice": [
        0.6783216783216783
      ],
      "cosinus": [
        0.04938502557283919
      ]
    },
    "spacy-md--spacy-lg": {
      "jaccard": [
        0.4305555555555556
      ],
      "braycurtis": [
        0.29896907216494845
      ],
      "dice": [
        0.2743362831858407
      ],
      "cosinus": [
        0.11386339594161454
      ]
    },
    "spacy-md--spacy-md-concat": {
      "jaccard": [
        0.25806451612903225
      ],
      "braycurtis": [
        0.08835341365461848
      ],
      "dice": [
        0.14814814814814814
      ],
      "cosinus": [
        0.011503905417650562
      ]
    },
    "spacy-sm--spacy-sm-concat": {
      "jaccard": [
        0.2795031055900621
      ],
      "braycurtis": [
        0.09327036599763873
      ],
      "dice": [
        0.1624548736462094
      ],
      "cosinus": [
        0.015659928784016786
      ]
    },
    "spacy-sm--spacy-lg-concat": {
      "jaccard": [
        0.9345088161209067
      ],
      "braycurtis": [
        0.8385826771653543
      ],
      "dice": [
        0.8770685579196218
      ],
      "cosinus": [
        0.6535597547398949
      ]
    },
    "spacy-sm--spacy-sm": {
      "jaccard": [
        0.6932989690721649
      ],
      "braycurtis": [
        0.40381558028616854
      ],
      "dice": [
        0.5305719921104537
      ],
      "cosinus": [
        0.1294206718315094
      ]
    },
    "spacy-sm--spacy-md": {
      "jaccard": [
        0.6802721088435374
      ],
      "braycurtis": [
        0.45558739255014324
      ],
      "dice": [
        0.5154639175257731
      ],
      "cosinus": [
        0.3874820282320305
      ]
    },
    "spacy-sm--spacy-lg": {
      "jaccard": [
        0.6907894736842105
      ],
      "braycurtis": [
        0.6360902255639098
      ],
      "dice": [
        0.5276381909547738
      ],
      "cosinus": [
        0.715162620899728
      ]
    },
    "spacy-sm--spacy-md-concat": {
      "jaccard": [
        0.7483870967741936
      ],
      "braycurtis": [
        0.5132743362831859
      ],
      "dice": [
        0.5979381443298969
      ],
      "cosinus": [
        0.4047883395937165
      ]
    },
    "spacy-sm-concat--spacy-lg-concat": {
      "jaccard": [
        0.9226932668329177
      ],
      "braycurtis": [
        0.825531914893617
      ],
      "dice": [
        0.8564814814814815
      ],
      "cosinus": [
        0.6684243253977615
      ]
    },
    "spacy-sm-concat--spacy-sm": {
      "jaccard": [
        0.7445255474452555
      ],
      "braycurtis": [
        0.4213197969543147
      ],
      "dice": [
        0.5930232558139535
      ],
      "cosinus": [
        0.1170573194717226
      ]
    },
    "spacy-sm-concat--spacy-md": {
      "jaccard": [
        0.9195979899497487
      ],
      "braycurtis": [
        0.6946107784431138
      ],
      "dice": [
        0.8511627906976744
      ],
      "cosinus": [
        0.4079453598068332
      ]
    },
    "spacy-sm-concat--spacy-sm-concat": {
      "jaccard": [
        0.7238805970149254
      ],
      "braycurtis": [
        0.41789748045178104
      ],
      "dice": [
        0.5672514619883041
      ],
      "cosinus": [
        0.1256339148893415
      ]
    },
    "spacy-sm-concat--spacy-lg": {
      "jaccard": [
        0.759493670886076
      ],
      "braycurtis": [
        0.7003154574132492
      ],
      "dice": [
        0.6122448979591837
      ],
      "cosinus": [
        0.7535583433957347
      ]
    },
    "spacy-sm-concat--spacy-md-concat": {
      "jaccard": [
        0.6827586206896552
      ],