{
  "txt": {
    "Tesseract-BIN--PP": {
      "jaccard": [
        0.5061684878392668
      ],
      "braycurtis": [
        0.17362383109997107
      ],
      "dice": [
        0.33883907503539407
      ],
      "cosinus": [
        0.02239168320084084
      ]
    }
  },
  "json": {
    "spacy-sm-concat--spacy-lg": {
      "jaccard": [
        0.7411764705882353
      ],
      "braycurtis": [
        0.5276653171390013
      ],
      "dice": [
        0.5887850467289719
      ],
      "cosinus": [
        0.4249247973985083
      ]
    },
    "spacy-sm-concat--spacy-sm": {
      "jaccard": [
        0.25308641975308643
      ],
      "braycurtis": [
        0.08333333333333333
      ],
      "dice": [
        0.14487632508833923
      ],
      "cosinus": [
        0.015121124781067752
      ]
    },
    "spacy-sm-concat--spacy-md-concat": {
      "jaccard": [
        0.6932515337423313
      ],
      "braycurtis": [
        0.49577464788732395
      ],
      "dice": [
        0.5305164319248826
      ],
      "cosinus": [
        0.4326287629107448
      ]
    },
    "spacy-sm-concat--spacy-lg-concat": {
      "jaccard": [
        0.9421768707482994
      ],
      "braycurtis": [
        0.7519788918205804
      ],
      "dice": [
        0.8906752411575563
      ],
      "cosinus": [
        0.4391884217896398
      ]
    },
    "spacy-sm-concat--spacy-md": {
      "jaccard": [
        0.7428571428571429
      ],
      "braycurtis": [
        0.5355704697986577
      ],
      "dice": [
        0.5909090909090909
      ],
      "cosinus": [
        0.44796773919781585
      ]
    },
    "spacy-sm-concat--spacy-sm-concat": {
      "jaccard": [
        0.8646864686468647
      ],
      "braycurtis": [
        0.5632682574114244
      ],
      "dice": [
        0.7616279069767442
      ],
      "cosinus": [
        0.15150046509245474
      ]
    },
    "spacy-lg--spacy-sm": {
      "jaccard": [
        0.6686746987951807
      ],
      "braycurtis": [
        0.4578469520103761
      ],
      "dice": [
        0.502262443438914
      ],
      "cosinus": [
        0.38972257521137743
      ]
    },
    "spacy-lg--spacy-md-concat": {
      "jaccard": [
        0.6754385964912281
      ],
      "braycurtis": [
        0.36016096579476864
      ],
      "dice": [
        0.5099337748344371
      ],
      "cosinus": [
        0.10435977646685635
      ]
    },
    "spacy-lg--spacy-lg-concat": {
      "jaccard": [
        0.9064516129032258
      ],
      "braycurtis": [
        0.6385185185185185
      ],
      "dice": [
        0.8289085545722714
      ],
      "cosinus": [
        0.22665100274495187
      ]
    },
    "spacy-lg--spacy-md": {
      "jaccard": [
        0.46601941747572817
      ],
      "braycurtis": [
        0.19924812030075187
      ],
      "dice": [
        0.3037974683544304
      ],
      "cosinus": [
        0.03838392862667739
      ]
    },
    "spacy-lg--spacy-sm-concat": {
      "jaccard": [
        0.92
      ],
      "braycurtis": [
        0.6851248642779587
      ],
      "dice": [
        0.8518518518518519
      ],
      "cosinus": [
        0.3380069638068498
      ]
    },
    "spacy-lg--spacy-lg": {
      "jaccard": [
        0.8717105263157895
      ],
      "braycurtis": [
        0.5451977401129944
      ],
      "dice": [
        0.7725947521865889
      ],
      "cosinus": [
        0.15954160864928357
      ]
    },
    "spacy-sm--spacy-md-concat": {
      "jaccard": [
        0.9445378151260504
      ],
      "braycurtis": [
        0.7846153846153846
      ],
      "dice": [
        0.8949044585987261
      ],
      "cosinus": [
        0.511607326758379
      ]
    },
    "spacy-sm--spacy-lg-concat": {
      "jaccard": [
        0.9442567567567568
      ],
      "braycurtis": [
        0.7777777777777778
      ],
      "dice": [
        0.8944
      ],
      "cosinus": [
        0.5095512106663296
      ]
    },
    "spacy-sm--spacy-md": {
      "jaccard": [
        0.923728813559322
      ],
      "braycurtis": [
        0.7307086614173228
      ],
      "dice": [
        0.8582677165354331
      ],
      "cosinus": [
        0.46960426110079745
      ]
    },
    "spacy-sm--spacy-sm-concat": {
      "jaccard": [
        0.8690671031096563
      ],
      "braycurtis": [
        0.5956727518593644
      ],
      "dice": [
        0.768451519536903
      ],
      "cosinus": [
        0.23316993113934814
      ]
    },
    "spacy-sm--spacy-lg": {
      "jaccard": [
        0.9247863247863248
      ],
      "braycurtis": [
        0.7266982622432859
      ],
      "dice": [
        0.8600953895071543
      ],
      "cosinus": [
        0.46092333917147066
      ]
    },
    "spacy-sm--spacy-sm": {
      "jaccard": [
        0.8424543946932007
      ],
      "braycurtis": [
        0.5573227302849569
      ],
      "dice": [
        0.7277936962750716
      ],
      "cosinus": [
        0.21595760329183933
      ]
    },
    "spacy-md-concat--spacy-lg-concat": {
      "jaccard": [
        0.9117647058823529
      ],
      "braycurtis": [
        0.6281690140845071
      ],
      "dice": [
        0.8378378378378378
      ],
      "cosinus": [
        0.1645818505281721
      ]
    },
    "spacy-md-concat--spacy-md": {
      "jaccard": [
        0.41414141414141414
      ],
      "braycurtis": [
        0.18962075848303392
      ],
      "dice": [
        0.2611464968152866
      ],
      "cosinus": [
        0.057694417455547375
      ]
    },
    "spacy-md-concat--spacy-sm-concat": {
      "jaccard": [
        0.9025522041763341
      ],
      "braycurtis": [
        0.694560669456067
      ],
      "dice": [
        0.8224101479915433
      ],
      "cosinus": [
        0.3976676234768681
      ]
    },
    "spacy-md-concat--spacy-lg": {
      "jaccard": [
        0.9212598425196851
      ],
      "braycurtis": [
        0.6608344549125168
      ],
      "dice": [
        0.8540145985401459
      ],
      "cosinus": [
        0.1914680031178071
      ]
    },
    "spacy-md-concat--spacy-md-concat": {
      "jaccard": [
        0.8978494623655914
      ],
      "braycurtis": [
        0.6264044943820225
      ],
      "dice": [
        0.8146341463414634
      ],
      "cosinus": [
        0.15442126689889324
      ]
    },
    "spacy-md-concat--spacy-sm": {
      "jaccard": [
        0.770949720670391
      ],
      "braycurtis": [
        0.5594594594594594
      ],
      "dice": [
        0.6272727272727273
      ],
      "cosinus": [
        0.45167006115637776
      ]
    },
    "spacy-lg-concat--spacy-md": {
      "jaccard": [
        0.6724137931034483
      ],
      "braycurtis": [
        0.35070140280561124
      ],
      "dice": [
        0.5064935064935064
      ],
      "cosinus": [
        0.09337558808848234
      ]
    },
    "spacy-lg-concat--spacy-lg-concat": {
      "jaccard": [
        0.8763250883392226
      ],
      "braycurtis": [
        0.5646481178396072
      ],
      "dice": [
        0.779874213836478
      ],
      "cosinus": [
        0.1527172960937343
      ]
    },
    "spacy-lg-concat--spacy-sm-concat": {
      "jaccard": [
        0.6956521739130435
      ],
      "braycurtis": [
        0.4971751412429379
      ],
      "dice": [
        0.5333333333333333
      ],
      "cosinus": [
        0.42414387967129297
      ]
    },
    "spacy-lg-concat--spacy-lg": {
      "jaccard": [
        0.37362637362637363
      ],
      "braycurtis": [
        0.18383838383838383
      ],
      "dice": [
        0.22972972972972974
      ],
      "cosinus": [
        0.06573987355775468
      ]
    },
    "spacy-lg-concat--spacy-md-concat": {
      "jaccard": [
        0.5151515151515151
      ],
      "braycurtis": [
        0.22413793103448276
      ],
      "dice": [
        0.3469387755102041
      ],
      "cosinus": [
        0.041548862830084965
      ]
    },
    "spacy-lg-concat--spacy-sm": {
      "jaccard": [
        0.7740112994350282
      ],