{
  "txt": {
    "Kraken-base--PP": {
      "jaccard": [
        0.6041933418693982
      ],
      "braycurtis": [
        0.2020727818420559
      ],
      "dice": [
        0.4328632037610366
      ],
      "cosinus": [
        0.02616289083608503
      ]
    }
  },
  "json": {
    "spacy-sm-concat--spacy-lg": {
      "jaccard": [
        0.7411764705882353
      ],
      "braycurtis": [
        0.5276653171390013
      ],
      "dice": [
        0.5887850467289719
      ],
      "cosinus": [
        0.4249247973985083
      ]
    },
    "spacy-sm-concat--spacy-sm": {
      "jaccard": [
        0.25308641975308643
      ],
      "braycurtis": [
        0.08333333333333333
      ],
      "dice": [
        0.14487632508833923
      ],
      "cosinus": [
        0.015121124781067752
      ]
    },
    "spacy-sm-concat--spacy-md": {
      "jaccard": [
        0.7428571428571429
      ],
      "braycurtis": [
        0.5355704697986577
      ],
      "dice": [
        0.5909090909090909
      ],
      "cosinus": [
        0.44796773919781585
      ]
    },
    "spacy-sm-concat--spacy-lg-concat": {
      "jaccard": [
        0.9272237196765498
      ],
      "braycurtis": [
        0.7149587750294464
      ],
      "dice": [
        0.864321608040201
      ],
      "cosinus": [
        0.49653510860542693
      ]
    },
    "spacy-sm-concat--spacy-md-concat": {
      "jaccard": [
        0.6932515337423313
      ],
      "braycurtis": [
        0.49577464788732395
      ],
      "dice": [
        0.5305164319248826
      ],
      "cosinus": [
        0.4326287629107448
      ]
    },
    "spacy-sm-concat--spacy-sm-concat": {
      "jaccard": [
        0.8253164556962025
      ],
      "braycurtis": [
        0.45388127853881277
      ],
      "dice": [
        0.7025862068965517
      ],
      "cosinus": [
        0.054616114742067734
      ]
    },
    "spacy-lg--spacy-sm": {
      "jaccard": [
        0.6686746987951807
      ],
      "braycurtis": [
        0.4578469520103761
      ],
      "dice": [
        0.502262443438914
      ],
      "cosinus": [
        0.38972257521137743
      ]
    },
    "spacy-lg--spacy-md": {
      "jaccard": [
        0.46601941747572817
      ],
      "braycurtis": [
        0.19924812030075187
      ],
      "dice": [
        0.3037974683544304
      ],
      "cosinus": [
        0.03838392862667739
      ]
    },
    "spacy-lg--spacy-lg-concat": {
      "jaccard": [
        0.8860294117647058
      ],
      "braycurtis": [
        0.6093489148580968
      ],
      "dice": [
        0.7953795379537953
      ],
      "cosinus": [
        0.18500735085495712
      ]
    },
    "spacy-lg--spacy-md-concat": {
      "jaccard": [
        0.6754385964912281
      ],
      "braycurtis": [
        0.36016096579476864
      ],
      "dice": [
        0.5099337748344371
      ],
      "cosinus": [
        0.10435977646685635
      ]
    },
    "spacy-lg--spacy-sm-concat": {
      "jaccard": [
        0.8952095808383234
      ],
      "braycurtis": [
        0.7136094674556213
      ],
      "dice": [
        0.8102981029810298
      ],
      "cosinus": [
        0.4783047098001836
      ]
    },
    "spacy-lg--spacy-lg": {
      "jaccard": [
        0.8282442748091603
      ],
      "braycurtis": [
        0.5474683544303798
      ],
      "dice": [
        0.7068403908794788
      ],
      "cosinus": [
        0.15978574058450656
      ]
    },
    "spacy-sm--spacy-md": {
      "jaccard": [
        0.8877005347593583
      ],
      "braycurtis": [
        0.6733828207847296
      ],
      "dice": [
        0.7980769230769231
      ],
      "cosinus": [
        0.47552990719249133
      ]
    },
    "spacy-sm--spacy-lg-concat": {
      "jaccard": [
        0.9343832020997376
      ],
      "braycurtis": [
        0.7417218543046358
      ],
      "dice": [
        0.8768472906403941
      ],
      "cosinus": [
        0.5132848328912494
      ]
    },
    "spacy-sm--spacy-md-concat": {
      "jaccard": [
        0.920844327176781
      ],
      "braycurtis": [
        0.7334801762114538
      ],
      "dice": [
        0.8533007334963325
      ],
      "cosinus": [
        0.5128198683110938
      ]
    },
    "spacy-sm--spacy-sm-concat": {
      "jaccard": [
        0.8258706467661692
      ],
      "braycurtis": [
        0.4826388888888889
      ],
      "dice": [
        0.7033898305084746
      ],
      "cosinus": [
        0.08423386749907125
      ]
    },
    "spacy-sm--spacy-lg": {
      "jaccard": [
        0.9037433155080213
      ],
      "braycurtis": [
        0.6826411075612353
      ],
      "dice": [
        0.824390243902439
      ],
      "cosinus": [
        0.4612669188727774
      ]
    },
    "spacy-sm--spacy-sm": {
      "jaccard": [
        0.7873417721518987
      ],
      "braycurtis": [
        0.4416243654822335
      ],
      "dice": [
        0.6492693110647182
      ],
      "cosinus": [
        0.0693752513199345
      ]
    },
    "spacy-md--spacy-lg-concat": {
      "jaccard": [
        0.9211356466876972
      ],
      "braycurtis": [
        0.7065868263473054
      ],
      "dice": [
        0.8538011695906432
      ],
      "cosinus": [
        0.2767246942394159
      ]
    },
    "spacy-md--spacy-md-concat": {
      "jaccard": [
        0.8906752411575563
      ],
      "braycurtis": [
        0.6626865671641791
      ],
      "dice": [
        0.8028985507246377
      ],
      "cosinus": [
        0.24819318669309376
      ]
    },
    "spacy-md--spacy-sm-concat": {
      "jaccard": [
        0.888283378746594
      ],
      "braycurtis": [
        0.7352297592997812
      ],
      "dice": [
        0.7990196078431373
      ],
      "cosinus": [
        0.5549797511180032
      ]
    },
    "spacy-md--spacy-lg": {
      "jaccard": [
        0.8766233766233766
      ],
      "braycurtis": [
        0.6291012838801712
      ],
      "dice": [
        0.7803468208092486
      ],
      "cosinus": [
        0.23341945001977804
      ]
    },
    "spacy-md--spacy-md": {
      "jaccard": [
        0.8344370860927153
      ],
      "braycurtis": [
        0.5801418439716312
      ],
      "dice": [
        0.7159090909090909
      ],
      "cosinus": [
        0.20293649213349263
      ]
    },
    "spacy-md--spacy-sm": {
      "jaccard": [
        0.672514619883041
      ],
      "braycurtis": [
        0.46064516129032257
      ],
      "dice": [
        0.5066079295154186
      ],
      "cosinus": [
        0.41518132504574123
      ]
    },
    "spacy-lg-concat--spacy-md-concat": {
      "jaccard": [
        0.5151515151515151
      ],
      "braycurtis": [
        0.22413793103448276
      ],
      "dice": [
        0.3469387755102041
      ],
      "cosinus": [
        0.041548862830084965
      ]
    },
    "spacy-lg-concat--spacy-lg-concat": {
      "jaccard": [
        0.8531746031746031
      ],
      "braycurtis": [
        0.5680580762250453
      ],
      "dice": [
        0.7439446366782007
      ],
      "cosinus": [
        0.14408630218508645
      ]
    },
    "spacy-lg-concat--spacy-sm-concat": {
      "jaccard": [
        0.6956521739130435
      ],
      "braycurtis": [
        0.4971751412429379
      ],
      "dice": [
        0.5333333333333333
      ],
      "cosinus": [
        0.42414387967129297
      ]
    },
    "spacy-lg-concat--spacy-lg": {
      "jaccard": [
        0.37362637362637363
      ],
      "braycurtis": [
        0.18383838383838383
      ],
      "dice": [
        0.22972972972972974
      ],
      "cosinus": [
        0.06573987355775468
      ]
    },
    "spacy-lg-concat--spacy-md": {
      "jaccard": [
        0.6724137931034483
      ],
      "braycurtis": [
        0.35070140280561124
      ],
      "dice": [
        0.5064935064935064
      ],
      "cosinus": [
        0.09337558808848234
      ]
    },
    "spacy-lg-concat--spacy-sm": {
      "jaccard": [
        0.7740112994350282
      ],