{
  "txt": {
    "Tesseract-PNG--PP": {
      "jaccard": [
        0.5467059980334317
      ],
      "braycurtis": [
        0.19120740937779604
      ],
      "dice": [
        0.3761840324763194
      ],
      "cosinus": [
        0.02114478627039329
      ]
    }
  },
  "json": {
    "spacy-lg--spacy-sm-concat": {
      "jaccard": [
        0.9093198992443325
      ],
      "braycurtis": [
        0.7068403908794788
      ],
      "dice": [
        0.8337182448036952
      ],
      "cosinus": [
        0.41028837448219213
      ]
    },
    "spacy-lg--spacy-md-concat": {
      "jaccard": [
        0.6754385964912281
      ],
      "braycurtis": [
        0.36016096579476864
      ],
      "dice": [
        0.5099337748344371
      ],
      "cosinus": [
        0.10435977646685635
      ]
    },
    "spacy-lg--spacy-md": {
      "jaccard": [
        0.46601941747572817
      ],
      "braycurtis": [
        0.19924812030075187
      ],
      "dice": [
        0.3037974683544304
      ],
      "cosinus": [
        0.03838392862667739
      ]
    },
    "spacy-lg--spacy-sm": {
      "jaccard": [
        0.6686746987951807
      ],
      "braycurtis": [
        0.4578469520103761
      ],
      "dice": [
        0.502262443438914
      ],
      "cosinus": [
        0.38972257521137743
      ]
    },
    "spacy-lg--spacy-lg-concat": {
      "jaccard": [
        0.9044776119402985
      ],
      "braycurtis": [
        0.6385185185185185
      ],
      "dice": [
        0.8256130790190735
      ],
      "cosinus": [
        0.19162190180447825
      ]
    },
    "spacy-lg--spacy-lg": {
      "jaccard": [
        0.8757575757575757
      ],
      "braycurtis": [
        0.5677966101694916
      ],
      "dice": [
        0.7789757412398922
      ],
      "cosinus": [
        0.14310385740611054
      ]
    },
    "spacy-sm-concat--spacy-md-concat": {
      "jaccard": [
        0.6932515337423313
      ],
      "braycurtis": [
        0.49577464788732395
      ],
      "dice": [
        0.5305164319248826
      ],
      "cosinus": [
        0.4326287629107448
      ]
    },
    "spacy-sm-concat--spacy-md": {
      "jaccard": [
        0.7428571428571429
      ],
      "braycurtis": [
        0.5355704697986577
      ],
      "dice": [
        0.5909090909090909
      ],
      "cosinus": [
        0.44796773919781585
      ]
    },
    "spacy-sm-concat--spacy-sm": {
      "jaccard": [
        0.25308641975308643
      ],
      "braycurtis": [
        0.08333333333333333
      ],
      "dice": [
        0.14487632508833923
      ],
      "cosinus": [
        0.015121124781067752
      ]
    },
    "spacy-sm-concat--spacy-lg-concat": {
      "jaccard": [
        0.9504504504504504
      ],
      "braycurtis": [
        0.7777777777777778
      ],
      "dice": [
        0.9055793991416309
      ],
      "cosinus": [
        0.4213075835535136
      ]
    },
    "spacy-sm-concat--spacy-sm-concat": {
      "jaccard": [
        0.8929088277858177
      ],
      "braycurtis": [
        0.6235455167693361
      ],
      "dice": [
        0.8065359477124183
      ],
      "cosinus": [
        0.19731589980660535
      ]
    },
    "spacy-sm-concat--spacy-lg": {
      "jaccard": [
        0.7411764705882353
      ],
      "braycurtis": [
        0.5276653171390013
      ],
      "dice": [
        0.5887850467289719
      ],
      "cosinus": [
        0.4249247973985083
      ]
    },
    "spacy-md-concat--spacy-md": {
      "jaccard": [
        0.41414141414141414
      ],
      "braycurtis": [
        0.18962075848303392
      ],
      "dice": [
        0.2611464968152866
      ],
      "cosinus": [
        0.057694417455547375
      ]
    },
    "spacy-md-concat--spacy-sm": {
      "jaccard": [
        0.770949720670391
      ],
      "braycurtis": [
        0.5594594594594594
      ],
      "dice": [
        0.6272727272727273
      ],
      "cosinus": [
        0.45167006115637776
      ]
    },
    "spacy-md-concat--spacy-lg-concat": {
      "jaccard": [
        0.9285714285714286
      ],
      "braycurtis": [
        0.6626826029216467
      ],
      "dice": [
        0.8666666666666667
      ],
      "cosinus": [
        0.1565938655472059
      ]
    },
    "spacy-md-concat--spacy-sm-concat": {
      "jaccard": [
        0.9136842105263158
      ],
      "braycurtis": [
        0.7057057057057057
      ],
      "dice": [
        0.8410852713178295
      ],
      "cosinus": [
        0.42330818948832993
      ]
    },
    "spacy-md-concat--spacy-lg": {
      "jaccard": [
        0.936768149882904
      ],
      "braycurtis": [
        0.6844783715012722
      ],
      "dice": [
        0.8810572687224669
      ],
      "cosinus": [
        0.17937852579322855
      ]
    },
    "spacy-md-concat--spacy-md-concat": {
      "jaccard": [
        0.9136690647482014
      ],
      "braycurtis": [
        0.6450331125827815
      ],
      "dice": [
        0.8410596026490066
      ],
      "cosinus": [
        0.1450698515135006
      ]
    },
    "spacy-md--spacy-sm": {
      "jaccard": [
        0.672514619883041
      ],
      "braycurtis": [
        0.46064516129032257
      ],
      "dice": [
        0.5066079295154186
      ],
      "cosinus": [
        0.41518132504574123
      ]
    },
    "spacy-md--spacy-lg-concat": {
      "jaccard": [
        0.9433106575963719
      ],
      "braycurtis": [
        0.7125456760048721
      ],
      "dice": [
        0.8927038626609443
      ],
      "cosinus": [
        0.24123707801821714
      ]
    },
    "spacy-md--spacy-sm-concat": {
      "jaccard": [
        0.9164969450101833
      ],
      "braycurtis": [
        0.7207122774133083
      ],
      "dice": [
        0.8458646616541353
      ],
      "cosinus": [
        0.4718858433583134
      ]
    },
    "spacy-md--spacy-lg": {
      "jaccard": [
        0.9095127610208816
      ],
      "braycurtis": [
        0.6323185011709602
      ],
      "dice": [
        0.8340425531914893
      ],
      "cosinus": [
        0.18223562522170988
      ]
    },
    "spacy-md--spacy-md-concat": {
      "jaccard": [
        0.9292237442922374
      ],
      "braycurtis": [
        0.6962332928311057
      ],
      "dice": [
        0.8678038379530917
      ],
      "cosinus": [
        0.23229300346610215
      ]
    },
    "spacy-md--spacy-md": {
      "jaccard": [
        0.8955916473317865
      ],
      "braycurtis": [
        0.6177156177156177
      ],
      "dice": [
        0.8109243697478992
      ],
      "cosinus": [
        0.16941633899361275
      ]
    },
    "spacy-sm--spacy-lg-concat": {
      "jaccard": [
        0.9555555555555556
      ],
      "braycurtis": [
        0.7983320697498104
      ],
      "dice": [
        0.9148936170212766
      ],
      "cosinus": [
        0.4897747475290195
      ]
    },
    "spacy-sm--spacy-sm-concat": {
      "jaccard": [
        0.8985714285714286
      ],
      "braycurtis": [
        0.6498402555910543
      ],
      "dice": [
        0.8158236057068742
      ],
      "cosinus": [
        0.28731590304198695
      ]
    },
    "spacy-sm--spacy-lg": {
      "jaccard": [
        0.938622754491018
      ],
      "braycurtis": [
        0.75
      ],
      "dice": [
        0.8843441466854725
      ],
      "cosinus": [
        0.43788322788035083
      ]
    },
    "spacy-sm--spacy-md-concat": {
      "jaccard": [
        0.9479940564635958
      ],
      "braycurtis": [
        0.7956093868281605
      ],
      "dice": [
        0.9011299435028248
      ],
      "cosinus": [
        0.48827840868536
      ]
    },
    "spacy-sm--spacy-md": {
      "jaccard": [
        0.9280359820089955
      ],
      "braycurtis": [
        0.7463126843657817
      ],
      "dice": [
        0.8657342657342657
      ],
      "cosinus": [
        0.44015756980850773
      ]
    },
    "spacy-sm--spacy-sm": {
      "jaccard": [
        0.8773448773448773
      ],
      "braycurtis": [
        0.6137931034482759
      ],