{
  "txt": {
    "TesseractFra-PNG--PP": {
      "jaccard": [
        0.36402099819791583
      ],
      "braycurtis": [
        0.12382674588822871
      ],
      "dice": [
        0.2225095785440613
      ],
      "cosinus": [
        0.005051234742395105
      ]
    }
  },
  "json": {
    "spacy-sm--spacy-md": {
      "jaccard": [
        0.5594202898550724
      ],
      "braycurtis": [
        0.3714788732394366
      ],
      "dice": [
        0.38832997987927564
      ],
      "cosinus": [
        0.2909078120229541
      ]
    },
    "spacy-sm--spacy-md-concat": {
      "jaccard": [
        0.8642590286425903
      ],
      "braycurtis": [
        0.7354037267080745
      ],
      "dice": [
        0.7609649122807017
      ],
      "cosinus": [
        0.5615147802054736
      ]
    },
    "spacy-sm--spacy-sm-concat": {
      "jaccard": [
        0.7606318347509113
      ],
      "braycurtis": [
        0.5313001605136437
      ],
      "dice": [
        0.6137254901960785
      ],
      "cosinus": [
        0.2743330552645885
      ]
    },
    "spacy-sm--spacy-lg-concat": {
      "jaccard": [
        0.6713483146067416
      ],
      "braycurtis": [
        0.5485770363101079
      ],
      "dice": [
        0.5052854122621564
      ],
      "cosinus": [
        0.48335963950763927
      ]
    },
    "spacy-sm--spacy-lg": {
      "jaccard": [
        0.5675675675675675
      ],
      "braycurtis": [
        0.4045662100456621
      ],
      "dice": [
        0.39622641509433965
      ],
      "cosinus": [
        0.36020729126392115
      ]
    },
    "spacy-sm--spacy-sm": {
      "jaccard": [
        0.7039390088945362
      ],
      "braycurtis": [
        0.43605546995377503
      ],
      "dice": [
        0.5431372549019607
      ],
      "cosinus": [
        0.16350365110156106
      ]
    },
    "spacy-md--spacy-md-concat": {
      "jaccard": [
        0.7597535934291582
      ],
      "braycurtis": [
        0.554228855721393
      ],
      "dice": [
        0.6125827814569537
      ],
      "cosinus": [
        0.36968583954831447
      ]
    },
    "spacy-md--spacy-sm-concat": {
      "jaccard": [
        0.8073701842546064
      ],
      "braycurtis": [
        0.6408227848101266
      ],
      "dice": [
        0.6769662921348315
      ],
      "cosinus": [
        0.5415466397297832
      ]
    },
    "spacy-md--spacy-lg-concat": {
      "jaccard": [
        0.5161290322580645
      ],
      "braycurtis": [
        0.3868808567603748
      ],
      "dice": [
        0.34782608695652173
      ],
      "cosinus": [
        0.34337842512180383
      ]
    },
    "spacy-md--spacy-lg": {
      "jaccard": [
        0.3392857142857143
      ],
      "braycurtis": [
        0.20534629404617255
      ],
      "dice": [
        0.20430107526881722
      ],
      "cosinus": [
        0.1593122957494515
      ]
    },
    "spacy-md--spacy-sm": {
      "jaccard": [
        0.7638888888888888
      ],
      "braycurtis": [
        0.5454545454545454
      ],
      "dice": [
        0.6179775280898876
      ],
      "cosinus": [
        0.37250106521671933
      ]
    },
    "spacy-md--spacy-md": {
      "jaccard": [
        0.6832971800433839
      ],
      "braycurtis": [
        0.411214953271028
      ],
      "dice": [
        0.5189456342668863
      ],
      "cosinus": [
        0.18320129266751106
      ]
    },
    "spacy-md-concat--spacy-sm-concat": {
      "jaccard": [
        0.5722543352601156
      ],
      "braycurtis": [
        0.4159113796576032
      ],
      "dice": [
        0.4008097165991903
      ],
      "cosinus": [
        0.3613332672386316
      ]
    },
    "spacy-md-concat--spacy-lg-concat": {
      "jaccard": [
        0.38495575221238937
      ],
      "braycurtis": [
        0.24633431085043989
      ],
      "dice": [
        0.23835616438356164
      ],
      "cosinus": [
        0.24136900813807793
      ]
    },
    "spacy-md-concat--spacy-lg": {
      "jaccard": [
        0.5060728744939271
      ],
      "braycurtis": [
        0.37994722955145116
      ],
      "dice": [
        0.33875338753387535
      ],
      "cosinus": [
        0.3434916315202776
      ]
    },
    "spacy-md-concat--spacy-md-concat": {
      "jaccard": [
        0.6993464052287581
      ],
      "braycurtis": [
        0.46436285097192226
      ],
      "dice": [
        0.5376884422110553
      ],
      "cosinus": [
        0.22891428091448995
      ]
    },
    "spacy-md-concat--spacy-sm": {
      "jaccard": [
        0.6502732240437158
      ],
      "braycurtis": [
        0.5126050420168067
      ],
      "dice": [
        0.4817813765182186
      ],
      "cosinus": [
        0.402875988768435
      ]
    },
    "spacy-md-concat--spacy-md": {
      "jaccard": [
        0.29385964912280704
      ],
      "braycurtis": [
        0.20901126408010012
      ],
      "dice": [
        0.17223650385604114
      ],
      "cosinus": [
        0.14884431680030563
      ]
    },
    "spacy-sm-concat--spacy-lg-concat": {
      "jaccard": [
        0.5922619047619048
      ],
      "braycurtis": [
        0.44739638682252925
      ],
      "dice": [
        0.42071881606765327
      ],
      "cosinus": [
        0.4463543242567506
      ]
    },
    "spacy-sm-concat--spacy-lg": {
      "jaccard": [
        0.6601123595505618
      ],
      "braycurtis": [
        0.5299901671583087
      ],
      "dice": [
        0.49266247379454925
      ],
      "cosinus": [
        0.531593290376287
      ]
    },
    "spacy-sm-concat--spacy-md-concat": {
      "jaccard": [
        0.8453738910012675
      ],
      "braycurtis": [
        0.6889790398918187
      ],
      "dice": [
        0.7321624588364435
      ],
      "cosinus": [
        0.5061571448728279
      ]
    },
    "spacy-sm-concat--spacy-sm-concat": {
      "jaccard": [
        0.7230576441102757
      ],
      "braycurtis": [
        0.4706559263521289
      ],
      "dice": [
        0.5662414131501472
      ],
      "cosinus": [
        0.18659259077941703
      ]
    },
    "spacy-sm-concat--spacy-sm": {
      "jaccard": [
        0.23460410557184752
      ],
      "braycurtis": [
        0.14135338345864662
      ],
      "dice": [
        0.132890365448505
      ],
      "cosinus": [
        0.07881216345017938
      ]
    },
    "spacy-sm-concat--spacy-md": {
      "jaccard": [
        0.6531165311653117
      ],
      "braycurtis": [
        0.502835538752363
      ],
      "dice": [
        0.48490945674044267
      ],
      "cosinus": [
        0.4383329278291781
      ]
    },
    "spacy-lg-concat--spacy-lg": {
      "jaccard": [
        0.7637231503579952
      ],
      "braycurtis": [
        0.5676300578034682
      ],
      "dice": [
        0.6177606177606177
      ],
      "cosinus": [
        0.3638832473765543
      ]
    },
    "spacy-lg-concat--spacy-md-concat": {
      "jaccard": [
        0.7587006960556845
      ],
      "braycurtis": [
        0.5529131985731273
      ],
      "dice": [
        0.611214953271028
      ],
      "cosinus": [
        0.3717002883141791
      ]
    },
    "spacy-lg-concat--spacy-sm-concat": {
      "jaccard": [
        0.8092592592592592
      ],
      "braycurtis": [
        0.6527272727272727
      ],
      "dice": [
        0.6796267496111975
      ],
      "cosinus": [
        0.5176151660827282
      ]
    },
    "spacy-lg-concat--spacy-sm": {
      "jaccard": [
        0.8287795992714025
      ],
      "braycurtis": [
        0.6926994906621392
      ],
      "dice": [
        0.7076205287713841
      ],
      "cosinus": [
        0.5423288977466049
      ]
    },
    "spacy-lg-concat--spacy-md": {
      "jaccard": [
        0.7910112359550562
      ],
      "braycurtis": [
        0.609271523178808
      ],
      "dice": [
        0.654275092936803
      ],
      "cosinus": [
        0.44009068091711934
      ]
    },
    "spacy-lg-concat--spacy-lg-concat": {
      "jaccard": [
        0.6954314720812182
      ],