{
  "txt": {
    "Tesseract-PNG--PP": {
      "jaccard": [
        0.46419059958252357
      ],
      "braycurtis": [
        0.1762106320396011
      ],
      "dice": [
        0.3022449266532315
      ],
      "cosinus": [
        0.009612544957779967
      ]
    }
  },
  "json": {
    "spacy-lg-concat--spacy-md-concat": {
      "jaccard": [
        0.8499156829679595
      ],
      "braycurtis": [
        0.6807051909892262
      ],
      "dice": [
        0.7390029325513197
      ],
      "cosinus": [
        0.46922623695205123
      ]
    },
    "spacy-lg-concat--spacy-sm": {
      "jaccard": [
        0.8810198300283286
      ],
      "braycurtis": [
        0.7569955817378498
      ],
      "dice": [
        0.7873417721518987
      ],
      "cosinus": [
        0.5465558840488718
      ]
    },
    "spacy-lg-concat--spacy-md": {
      "jaccard": [
        0.8677685950413223
      ],
      "braycurtis": [
        0.7108655616942909
      ],
      "dice": [
        0.7664233576642335
      ],
      "cosinus": [
        0.5076994370629148
      ]
    },
    "spacy-lg-concat--spacy-lg": {
      "jaccard": [
        0.8554216867469879
      ],
      "braycurtis": [
        0.6899521531100479
      ],
      "dice": [
        0.7473684210526316
      ],
      "cosinus": [
        0.4463435665323727
      ]
    },
    "spacy-lg-concat--spacy-sm-concat": {
      "jaccard": [
        0.8746438746438746
      ],
      "braycurtis": [
        0.7375
      ],
      "dice": [
        0.7772151898734178
      ],
      "cosinus": [
        0.5410431007651564
      ]
    },
    "spacy-lg-concat--spacy-lg-concat": {
      "jaccard": [
        0.82174688057041
      ],
      "braycurtis": [
        0.630546955624355
      ],
      "dice": [
        0.697428139183056
      ],
      "cosinus": [
        0.3391267505825817
      ]
    },
    "spacy-md-concat--spacy-sm": {
      "jaccard": [
        0.6502732240437158
      ],
      "braycurtis": [
        0.5126050420168067
      ],
      "dice": [
        0.4817813765182186
      ],
      "cosinus": [
        0.402875988768435
      ]
    },
    "spacy-md-concat--spacy-md": {
      "jaccard": [
        0.29385964912280704
      ],
      "braycurtis": [
        0.20901126408010012
      ],
      "dice": [
        0.17223650385604114
      ],
      "cosinus": [
        0.14884431680030563
      ]
    },
    "spacy-md-concat--spacy-lg": {
      "jaccard": [
        0.5060728744939271
      ],
      "braycurtis": [
        0.37994722955145116
      ],
      "dice": [
        0.33875338753387535
      ],
      "cosinus": [
        0.3434916315202776
      ]
    },
    "spacy-md-concat--spacy-sm-concat": {
      "jaccard": [
        0.5722543352601156
      ],
      "braycurtis": [
        0.4159113796576032
      ],
      "dice": [
        0.4008097165991903
      ],
      "cosinus": [
        0.3613332672386316
      ]
    },
    "spacy-md-concat--spacy-md-concat": {
      "jaccard": [
        0.8106796116504854
      ],
      "braycurtis": [
        0.605072463768116
      ],
      "dice": [
        0.6816326530612244
      ],
      "cosinus": [
        0.32167516278852126
      ]
    },
    "spacy-md-concat--spacy-lg-concat": {
      "jaccard": [
        0.38495575221238937
      ],
      "braycurtis": [
        0.24633431085043989
      ],
      "dice": [
        0.23835616438356164
      ],
      "cosinus": [
        0.24136900813807793
      ]
    },
    "spacy-sm--spacy-md": {
      "jaccard": [
        0.5594202898550724
      ],
      "braycurtis": [
        0.3714788732394366
      ],
      "dice": [
        0.38832997987927564
      ],
      "cosinus": [
        0.2909078120229541
      ]
    },
    "spacy-sm--spacy-lg": {
      "jaccard": [
        0.5675675675675675
      ],
      "braycurtis": [
        0.4045662100456621
      ],
      "dice": [
        0.39622641509433965
      ],
      "cosinus": [
        0.36020729126392115
      ]
    },
    "spacy-sm--spacy-sm-concat": {
      "jaccard": [
        0.8360037700282752
      ],
      "braycurtis": [
        0.649059982094897
      ],
      "dice": [
        0.7182186234817813
      ],
      "cosinus": [
        0.38001908846689847
      ]
    },
    "spacy-sm--spacy-md-concat": {
      "jaccard": [
        0.9079457364341085
      ],
      "braycurtis": [
        0.8126582278481013
      ],
      "dice": [
        0.831410825199645
      ],
      "cosinus": [
        0.6386305368908302
      ]
    },
    "spacy-sm--spacy-sm": {
      "jaccard": [
        0.8009708737864077
      ],
      "braycurtis": [
        0.5735294117647058
      ],
      "dice": [
        0.6680161943319838
      ],
      "cosinus": [
        0.27390236332176143
      ]
    },
    "spacy-sm--spacy-lg-concat": {
      "jaccard": [
        0.6713483146067416
      ],
      "braycurtis": [
        0.5485770363101079
      ],
      "dice": [
        0.5052854122621564
      ],
      "cosinus": [
        0.48335963950763927
      ]
    },
    "spacy-md--spacy-lg": {
      "jaccard": [
        0.3392857142857143
      ],
      "braycurtis": [
        0.20534629404617255
      ],
      "dice": [
        0.20430107526881722
      ],
      "cosinus": [
        0.1593122957494515
      ]
    },
    "spacy-md--spacy-sm-concat": {
      "jaccard": [
        0.8588548601864181
      ],
      "braycurtis": [
        0.7077441077441078
      ],
      "dice": [
        0.7526254375729288
      ],
      "cosinus": [
        0.6087194535574766
      ]
    },
    "spacy-md--spacy-md-concat": {
      "jaccard": [
        0.8387596899224806
      ],
      "braycurtis": [
        0.6688417618270799
      ],
      "dice": [
        0.7222963951935915
      ],
      "cosinus": [
        0.4657658421858357
      ]
    },
    "spacy-md--spacy-sm": {
      "jaccard": [
        0.8292349726775956
      ],
      "braycurtis": [
        0.6225207933461292
      ],
      "dice": [
        0.7082847141190198
      ],
      "cosinus": [
        0.44578648319501346
      ]
    },
    "spacy-md--spacy-md": {
      "jaccard": [
        0.7948717948717948
      ],
      "braycurtis": [
        0.552285050348567
      ],
      "dice": [
        0.6595744680851063
      ],
      "cosinus": [
        0.2800656454684638
      ]
    },
    "spacy-md--spacy-lg-concat": {
      "jaccard": [
        0.5161290322580645
      ],
      "braycurtis": [
        0.3868808567603748
      ],
      "dice": [
        0.34782608695652173
      ],
      "cosinus": [
        0.34337842512180383
      ]
    },
    "spacy-lg--spacy-sm-concat": {
      "jaccard": [
        0.8822714681440443
      ],
      "braycurtis": [
        0.7612580414581844
      ],
      "dice": [
        0.7893432465923172
      ],
      "cosinus": [
        0.6412039986311551
      ]
    },
    "spacy-lg--spacy-md-concat": {
      "jaccard": [
        0.86709886547812
      ],
      "braycurtis": [
        0.724561403508772
      ],
      "dice": [
        0.765379113018598
      ],
      "cosinus": [
        0.5925125131663009
      ]
    },
    "spacy-lg--spacy-sm": {
      "jaccard": [
        0.8471428571428572
      ],
      "braycurtis": [
        0.6709546377792823
      ],
      "dice": [
        0.734820322180917
      ],
      "cosinus": [
        0.4563386562987658
      ]
    },
    "spacy-lg--spacy-md": {
      "jaccard": [
        0.8221476510067114
      ],
      "braycurtis": [
        0.6149377593360996
      ],
      "dice": [
        0.698005698005698
      ],
      "cosinus": [
        0.38449334825226367
      ]
    },
    "spacy-lg--spacy-lg": {
      "jaccard": [
        0.7992957746478874
      ],
      "braycurtis": [
        0.5670103092783505
      ],
      "dice": [
        0.6656891495601173
      ],
      "cosinus": [
        0.2678306237178858
      ]
    },
    "spacy-lg--spacy-lg-concat": {
      "jaccard": [
        0.3349282296650718
      ],
      "braycurtis": [
        0.26062322946175637
      ],