{
  "txt": {
    "TesseractFra-BIN--PP": {
      "jaccard": [
        0.3734015345268542
      ],
      "braycurtis": [
        0.12547261686526123
      ],
      "dice": [
        0.22955974842767296
      ],
      "cosinus": [
        0.005359241772255552
      ]
    }
  },
  "json": {
    "spacy-sm--spacy-md": {
      "jaccard": [
        0.5594202898550724
      ],
      "braycurtis": [
        0.3714788732394366
      ],
      "dice": [
        0.38832997987927564
      ],
      "cosinus": [
        0.2909078120229541
      ]
    },
    "spacy-sm--spacy-md-concat": {
      "jaccard": [
        0.8624203821656051
      ],
      "braycurtis": [
        0.7401623985009369
      ],
      "dice": [
        0.7581187010078387
      ],
      "cosinus": [
        0.576514331060887
      ]
    },
    "spacy-sm--spacy-sm-concat": {
      "jaccard": [
        0.7626699629171817
      ],
      "braycurtis": [
        0.5365591397849462
      ],
      "dice": [
        0.6163836163836164
      ],
      "cosinus": [
        0.2796956301434965
      ]
    },
    "spacy-sm--spacy-lg-concat": {
      "jaccard": [
        0.6713483146067416
      ],
      "braycurtis": [
        0.5485770363101079
      ],
      "dice": [
        0.5052854122621564
      ],
      "cosinus": [
        0.48335963950763927
      ]
    },
    "spacy-sm--spacy-lg": {
      "jaccard": [
        0.5675675675675675
      ],
      "braycurtis": [
        0.4045662100456621
      ],
      "dice": [
        0.39622641509433965
      ],
      "cosinus": [
        0.36020729126392115
      ]
    },
    "spacy-sm--spacy-sm": {
      "jaccard": [
        0.7117117117117117
      ],
      "braycurtis": [
        0.44685242518059853
      ],
      "dice": [
        0.5524475524475524
      ],
      "cosinus": [
        0.17698760028810312
      ]
    },
    "spacy-md--spacy-md-concat": {
      "jaccard": [
        0.7631578947368421
      ],
      "braycurtis": [
        0.5621301775147929
      ],
      "dice": [
        0.6170212765957447
      ],
      "cosinus": [
        0.37299025993845203
      ]
    },
    "spacy-md--spacy-sm-concat": {
      "jaccard": [
        0.8036605657237936
      ],
      "braycurtis": [
        0.6402199528672428
      ],
      "dice": [
        0.6717663421418637
      ],
      "cosinus": [
        0.5459058499462386
      ]
    },
    "spacy-md--spacy-lg-concat": {
      "jaccard": [
        0.5161290322580645
      ],
      "braycurtis": [
        0.3868808567603748
      ],
      "dice": [
        0.34782608695652173
      ],
      "cosinus": [
        0.34337842512180383
      ]
    },
    "spacy-md--spacy-lg": {
      "jaccard": [
        0.3392857142857143
      ],
      "braycurtis": [
        0.20534629404617255
      ],
      "dice": [
        0.20430107526881722
      ],
      "cosinus": [
        0.1593122957494515
      ]
    },
    "spacy-md--spacy-sm": {
      "jaccard": [
        0.7560553633217993
      ],
      "braycurtis": [
        0.5410806809770541
      ],
      "dice": [
        0.60778859527121
      ],
      "cosinus": [
        0.370061248506671
      ]
    },
    "spacy-md--spacy-md": {
      "jaccard": [
        0.6936170212765957
      ],
      "braycurtis": [
        0.4272474513438369
      ],
      "dice": [
        0.5309446254071661
      ],
      "cosinus": [
        0.18051848856136254
      ]
    },
    "spacy-md-concat--spacy-sm-concat": {
      "jaccard": [
        0.5722543352601156
      ],
      "braycurtis": [
        0.4159113796576032
      ],
      "dice": [
        0.4008097165991903
      ],
      "cosinus": [
        0.3613332672386316
      ]
    },
    "spacy-md-concat--spacy-lg-concat": {
      "jaccard": [
        0.38495575221238937
      ],
      "braycurtis": [
        0.24633431085043989
      ],
      "dice": [
        0.23835616438356164
      ],
      "cosinus": [
        0.24136900813807793
      ]
    },
    "spacy-md-concat--spacy-lg": {
      "jaccard": [
        0.5060728744939271
      ],
      "braycurtis": [
        0.37994722955145116
      ],
      "dice": [
        0.33875338753387535
      ],
      "cosinus": [
        0.3434916315202776
      ]
    },
    "spacy-md-concat--spacy-md-concat": {
      "jaccard": [
        0.7051282051282052
      ],
      "braycurtis": [
        0.4715359828141783
      ],
      "dice": [
        0.5445544554455446
      ],
      "cosinus": [
        0.21061012121937095
      ]
    },
    "spacy-md-concat--spacy-sm": {
      "jaccard": [
        0.6502732240437158
      ],
      "braycurtis": [
        0.5126050420168067
      ],
      "dice": [
        0.4817813765182186
      ],
      "cosinus": [
        0.402875988768435
      ]
    },
    "spacy-md-concat--spacy-md": {
      "jaccard": [
        0.29385964912280704
      ],
      "braycurtis": [
        0.20901126408010012
      ],
      "dice": [
        0.17223650385604114
      ],
      "cosinus": [
        0.14884431680030563
      ]
    },
    "spacy-sm-concat--spacy-lg-concat": {
      "jaccard": [
        0.5922619047619048
      ],
      "braycurtis": [
        0.44739638682252925
      ],
      "dice": [
        0.42071881606765327
      ],
      "cosinus": [
        0.4463543242567506
      ]
    },
    "spacy-sm-concat--spacy-lg": {
      "jaccard": [
        0.6601123595505618
      ],
      "braycurtis": [
        0.5299901671583087
      ],
      "dice": [
        0.49266247379454925
      ],
      "cosinus": [
        0.531593290376287
      ]
    },
    "spacy-sm-concat--spacy-md-concat": {
      "jaccard": [
        0.8449612403100775
      ],
      "braycurtis": [
        0.6956521739130435
      ],
      "dice": [
        0.7315436241610739
      ],
      "cosinus": [
        0.5215661505553806
      ]
    },
    "spacy-sm-concat--spacy-sm-concat": {
      "jaccard": [
        0.7316455696202532
      ],
      "braycurtis": [
        0.4800693240901213
      ],
      "dice": [
        0.5768463073852296
      ],
      "cosinus": [
        0.19411507508787862
      ]
    },
    "spacy-sm-concat--spacy-sm": {
      "jaccard": [
        0.23460410557184752
      ],
      "braycurtis": [
        0.14135338345864662
      ],
      "dice": [
        0.132890365448505
      ],
      "cosinus": [
        0.07881216345017938
      ]
    },
    "spacy-sm-concat--spacy-md": {
      "jaccard": [
        0.6531165311653117
      ],
      "braycurtis": [
        0.502835538752363
      ],
      "dice": [
        0.48490945674044267
      ],
      "cosinus": [
        0.4383329278291781
      ]
    },
    "spacy-lg-concat--spacy-lg": {
      "jaccard": [
        0.7770419426048565
      ],
      "braycurtis": [
        0.5883668903803132
      ],
      "dice": [
        0.6353790613718412
      ],
      "cosinus": [
        0.37874341109209664
      ]
    },
    "spacy-lg-concat--spacy-md-concat": {
      "jaccard": [
        0.7693965517241379
      ],
      "braycurtis": [
        0.5701149425287356
      ],
      "dice": [
        0.6252189141856392
      ],
      "cosinus": [
        0.379910812484042
      ]
    },
    "spacy-lg-concat--spacy-sm-concat": {
      "jaccard": [
        0.8087719298245614
      ],
      "braycurtis": [
        0.6527900797165633
      ],
      "dice": [
        0.678939617083947
      ],
      "cosinus": [
        0.5057458419926785
      ]
    },
    "spacy-lg-concat--spacy-sm": {
      "jaccard": [
        0.8313253012048193
      ],
      "braycurtis": [
        0.6967688483844242
      ],
      "dice": [
        0.711340206185567
      ],
      "cosinus": [
        0.5332164339577424
      ]
    },
    "spacy-lg-concat--spacy-md": {
      "jaccard": [
        0.8016701461377871
      ],
      "braycurtis": [
        0.627807486631016
      ],
      "dice": [
        0.6689895470383276
      ],
      "cosinus": [
        0.45154720071339405
      ]
    },
    "spacy-lg-concat--spacy-lg-concat": {
      "jaccard": [
        0.717948717948718
      ],