{
  "txt": {
    "PP--Kraken-base": {
      "jaccard": [
        0.5171835038363172
      ],
      "braycurtis": [
        0.13833292353085813
      ],
      "dice": [
        0.34878456314342693
      ],
      "cosinus": [
        0.012943156882662232
      ]
    }
  },
  "json": {
    "spacy-md--spacy-md-concat": {
      "jaccard": [
        0.7807486631016043
      ],
      "braycurtis": [
        0.4519280205655527
      ],
      "dice": [
        0.6403508771929824
      ],
      "cosinus": [
        0.07513571247926287
      ]
    },
    "spacy-md--spacy-lg-concat": {
      "jaccard": [
        0.6914446002805049
      ],
      "braycurtis": [
        0.42437722419928825
      ],
      "dice": [
        0.5284030010718114
      ],
      "cosinus": [
        0.10369346234693833
      ]
    },
    "spacy-md--spacy-lg": {
      "jaccard": [
        0.7893835616438356
      ],
      "braycurtis": [
        0.4566681634485855
      ],
      "dice": [
        0.652050919377652
      ],
      "cosinus": [
        0.14992592617463973
      ]
    },
    "spacy-md--spacy-sm": {
      "jaccard": [
        0.8341968911917098
      ],
      "braycurtis": [
        0.4924924924924925
      ],
      "dice": [
        0.7155555555555555
      ],
      "cosinus": [
        0.10912146042539539
      ]
    },
    "spacy-md--spacy-sm-concat": {
      "jaccard": [
        0.7466960352422908
      ],
      "braycurtis": [
        0.47423450336071693
      ],
      "dice": [
        0.5957820738137083
      ],
      "cosinus": [
        0.09825787882221892
      ]
    },
    "spacy-md--spacy-md": {
      "jaccard": [
        0.7345454545454545
      ],
      "braycurtis": [
        0.3753609239653513
      ],
      "dice": [
        0.5804597701149425
      ],
      "cosinus": [
        0.06090697504644038
      ]
    },
    "spacy-md-concat--spacy-lg-concat": {
      "jaccard": [
        0.6375739644970414
      ],
      "braycurtis": [
        0.3541371158392435
      ],
      "dice": [
        0.46796959826275786
      ],
      "cosinus": [
        0.0775789342717097
      ]
    },
    "spacy-md-concat--spacy-lg": {
      "jaccard": [
        0.689900426742532
      ],
      "braycurtis": [
        0.42758022549869906
      ],
      "dice": [
        0.5266015200868621
      ],
      "cosinus": [
        0.1416811642095266
      ]
    },
    "spacy-md-concat--spacy-sm": {
      "jaccard": [
        0.8666666666666667
      ],
      "braycurtis": [
        0.5652512660693416
      ],
      "dice": [
        0.7647058823529411
      ],
      "cosinus": [
        0.1331265278726116
      ]
    },
    "spacy-md-concat--spacy-sm-concat": {
      "jaccard": [
        0.7390817469204927
      ],
      "braycurtis": [
        0.4632612966601179
      ],
      "dice": [
        0.5861456483126111
      ],
      "cosinus": [
        0.08270970648113896
      ]
    },
    "spacy-md-concat--spacy-md-concat": {
      "jaccard": [
        0.7545454545454545
      ],
      "braycurtis": [
        0.4036796536796537
      ],
      "dice": [
        0.6058394160583942
      ],
      "cosinus": [
        0.05777109966914906
      ]
    },
    "spacy-md-concat--spacy-md": {
      "jaccard": [
        0.29906542056074764
      ],
      "braycurtis": [
        0.1645804357904497
      ],
      "dice": [
        0.17582417582417584
      ],
      "cosinus": [
        0.032324352614323426
      ]
    },
    "spacy-lg-concat--spacy-lg": {
      "jaccard": [
        0.8109028960817717
      ],
      "braycurtis": [
        0.5157080715321412
      ],
      "dice": [
        0.6819484240687679
      ],
      "cosinus": [
        0.17413208456475082
      ]
    },
    "spacy-lg-concat--spacy-sm": {
      "jaccard": [
        0.8735777496839444
      ],
      "braycurtis": [
        0.6145251396648045
      ],
      "dice": [
        0.7755331088664422
      ],
      "cosinus": [
        0.18168564000759357
      ]
    },
    "spacy-lg-concat--spacy-sm-concat": {
      "jaccard": [
        0.7387486278814489
      ],
      "braycurtis": [
        0.4575113808801214
      ],
      "dice": [
        0.5857267188859878
      ],
      "cosinus": [
        0.10503833607321422
      ]
    },
    "spacy-lg-concat--spacy-md-concat": {
      "jaccard": [
        0.8074204946996466
      ],
      "braycurtis": [
        0.47285954113038614
      ],
      "dice": [
        0.677037037037037
      ],
      "cosinus": [
        0.09277334859702147
      ]
    },
    "spacy-lg-concat--spacy-md": {
      "jaccard": [
        0.839527027027027
      ],
      "braycurtis": [
        0.5291666666666667
      ],
      "dice": [
        0.7234352256186317
      ],
      "cosinus": [
        0.12656611947485497
      ]
    },
    "spacy-lg-concat--spacy-lg-concat": {
      "jaccard": [
        0.773286467486819
      ],
      "braycurtis": [
        0.4323748668796592
      ],
      "dice": [
        0.6303724928366762
      ],
      "cosinus": [
        0.09274711964274096
      ]
    },
    "spacy-lg--spacy-sm": {
      "jaccard": [
        0.8274509803921568
      ],
      "braycurtis": [
        0.5305271141448615
      ],
      "dice": [
        0.705685618729097
      ],
      "cosinus": [
        0.15778591478630322
      ]
    },
    "spacy-lg--spacy-sm-concat": {
      "jaccard": [
        0.7537960954446855
      ],
      "braycurtis": [
        0.48355146798726567
      ],
      "dice": [
        0.6048738033072236
      ],
      "cosinus": [
        0.16619031427753683
      ]
    },
    "spacy-lg--spacy-md-concat": {
      "jaccard": [
        0.8197573656845754
      ],
      "braycurtis": [
        0.5088633993743483
      ],
      "dice": [
        0.6945668135095447
      ],
      "cosinus": [
        0.13141176006668465
      ]
    },
    "spacy-lg--spacy-lg": {
      "jaccard": [
        0.7495559502664298
      ],
      "braycurtis": [
        0.4036363636363636
      ],
      "dice": [
        0.5994318181818182
      ],
      "cosinus": [
        0.1073858778426916
      ]
    },
    "spacy-lg--spacy-md": {
      "jaccard": [
        0.6095380029806259
      ],
      "braycurtis": [
        0.32677326773267734
      ],
      "dice": [
        0.43837084673097537
      ],
      "cosinus": [
        0.08970310271656623
      ]
    },
    "spacy-lg--spacy-lg-concat": {
      "jaccard": [
        0.3202846975088968
      ],
      "braycurtis": [
        0.19732999582811847
      ],
      "dice": [
        0.1906779661016949
      ],
      "cosinus": [
        0.08187651737418489
      ]
    },
    "spacy-sm--spacy-sm-concat": {
      "jaccard": [
        0.28607918263090676
      ],
      "braycurtis": [
        0.15625
      ],
      "dice": [
        0.16691505216095381
      ],
      "cosinus": [
        0.0390085951790099
      ]
    },
    "spacy-sm--spacy-sm": {
      "jaccard": [
        0.7151370679380215
      ],
      "braycurtis": [
        0.3929712460063898
      ],
      "dice": [
        0.5565862708719852
      ],
      "cosinus": [
        0.07908341490398885
      ]
    },
    "spacy-sm--spacy-md-concat": {
      "jaccard": [
        0.7525195968645016
      ],
      "braycurtis": [
        0.5107546481954065
      ],
      "dice": [
        0.6032315978456014
      ],
      "cosinus": [
        0.11541189067555824
      ]
    },
    "spacy-sm--spacy-lg": {
      "jaccard": [
        0.7064846416382252
      ],
      "braycurtis": [
        0.4095867768595041
      ],
      "dice": [
        0.5461741424802111
      ],
      "cosinus": [
        0.1157456266827196
      ]
    },
    "spacy-sm--spacy-md": {
      "jaccard": [
        0.6982658959537572
      ],
      "braycurtis": [
        0.4200278164116829
      ],
      "dice": [
        0.5364120781527532
      ],
      "cosinus": [
        0.08299954623758021
      ]
    },
    "spacy-sm--spacy-lg-concat": {
      "jaccard": [
        0.7641304347826087
      ],
      "braycurtis": [
        0.5116443189837685
      ],