{
  "txt": {
    "PP--Tesseract-PNG": {
      "jaccard": [
        0.2932010017623597
      ],
      "braycurtis": [
        0.07642109508184701
      ],
      "dice": [
        0.17178414216618662
      ],
      "cosinus": [
        0.006618701610037192
      ]
    }
  },
  "json": {
    "spacy-md--spacy-md-concat": {
      "jaccard": [
        0.720558882235529
      ],
      "braycurtis": [
        0.40321743642968344
      ],
      "dice": [
        0.5631825273010921
      ],
      "cosinus": [
        0.080708345730225
      ]
    },
    "spacy-md--spacy-lg-concat": {
      "jaccard": [
        0.6971153846153846
      ],
      "braycurtis": [
        0.43119266055045874
      ],
      "dice": [
        0.5350553505535055
      ],
      "cosinus": [
        0.10490947403303519
      ]
    },
    "spacy-md--spacy-lg": {
      "jaccard": [
        0.6110154905335629
      ],
      "braycurtis": [
        0.322841726618705
      ],
      "dice": [
        0.4399008674101611
      ],
      "cosinus": [
        0.07781870092488308
      ]
    },
    "spacy-md--spacy-sm": {
      "jaccard": [
        0.8320090805902384
      ],
      "braycurtis": [
        0.516042780748663
      ],
      "dice": [
        0.7123420796890184
      ],
      "cosinus": [
        0.11874098137032874
      ]
    },
    "spacy-md--spacy-sm-concat": {
      "jaccard": [
        0.8560523446019629
      ],
      "braycurtis": [
        0.5611721611721612
      ],
      "dice": [
        0.7483317445185891
      ],
      "cosinus": [
        0.1189306844764284
      ]
    },
    "spacy-md--spacy-md": {
      "jaccard": [
        0.6632653061224489
      ],
      "braycurtis": [
        0.31573896353166986
      ],
      "dice": [
        0.4961832061068702
      ],
      "cosinus": [
        0.06875322011078389
      ]
    },
    "spacy-md-concat--spacy-lg-concat": {
      "jaccard": [
        0.6341880341880342
      ],
      "braycurtis": [
        0.3510971786833856
      ],
      "dice": [
        0.4643304130162703
      ],
      "cosinus": [
        0.06839005992196445
      ]
    },
    "spacy-md-concat--spacy-lg": {
      "jaccard": [
        0.6783333333333333
      ],
      "braycurtis": [
        0.40977261731978715
      ],
      "dice": [
        0.5132408575031526
      ],
      "cosinus": [
        0.11459237117996501
      ]
    },
    "spacy-md-concat--spacy-sm": {
      "jaccard": [
        0.8568257491675916
      ],
      "braycurtis": [
        0.5827288428324697
      ],
      "dice": [
        0.7495145631067961
      ],
      "cosinus": [
        0.14509894297173487
      ]
    },
    "spacy-md-concat--spacy-sm-concat": {
      "jaccard": [
        0.7896825396825397
      ],
      "braycurtis": [
        0.5292010032246507
      ],
      "dice": [
        0.6524590163934426
      ],
      "cosinus": [
        0.11700979076898721
      ]
    },
    "spacy-md-concat--spacy-md-concat": {
      "jaccard": [
        0.6762886597938145
      ],
      "braycurtis": [
        0.34098360655737703
      ],
      "dice": [
        0.5109034267912772
      ],
      "cosinus": [
        0.06352826439298853
      ]
    },
    "spacy-md-concat--spacy-md": {
      "jaccard": [
        0.3708086785009862
      ],
      "braycurtis": [
        0.19254079254079254
      ],
      "dice": [
        0.22760290556900725
      ],
      "cosinus": [
        0.036831951860272216
      ]
    },
    "spacy-lg-concat--spacy-lg": {
      "jaccard": [
        0.34394904458598724
      ],
      "braycurtis": [
        0.19518314099347717
      ],
      "dice": [
        0.2076923076923077
      ],
      "cosinus": [
        0.07209223232915574
      ]
    },
    "spacy-lg-concat--spacy-sm": {
      "jaccard": [
        0.8704318936877077
      ],
      "braycurtis": [
        0.6309103740296401
      ],
      "dice": [
        0.7705882352941177
      ],
      "cosinus": [
        0.1971712075972215
      ]
    },
    "spacy-lg-concat--spacy-sm-concat": {
      "jaccard": [
        0.858397365532382
      ],
      "braycurtis": [
        0.583203732503888
      ],
      "dice": [
        0.7519230769230769
      ],
      "cosinus": [
        0.14368214606255025
      ]
    },
    "spacy-lg-concat--spacy-md-concat": {
      "jaccard": [
        0.7509881422924901
      ],
      "braycurtis": [
        0.4143583945732052
      ],
      "dice": [
        0.6012658227848101
      ],
      "cosinus": [
        0.08994252678120929
      ]
    },
    "spacy-lg-concat--spacy-md": {
      "jaccard": [
        0.7879924953095685
      ],
      "braycurtis": [
        0.48078920041536866
      ],
      "dice": [
        0.6501547987616099
      ],
      "cosinus": [
        0.12809407234341308
      ]
    },
    "spacy-lg-concat--spacy-lg-concat": {
      "jaccard": [
        0.6940928270042194
      ],
      "braycurtis": [
        0.3380530973451327
      ],
      "dice": [
        0.531502423263328
      ],
      "cosinus": [
        0.04365848546623918
      ]
    },
    "spacy-lg--spacy-sm": {
      "jaccard": [
        0.8314350797266514
      ],
      "braycurtis": [
        0.5507588532883643
      ],
      "dice": [
        0.7115009746588694
      ],
      "cosinus": [
        0.16850276701716183
      ]
    },
    "spacy-lg--spacy-sm-concat": {
      "jaccard": [
        0.8568306010928962
      ],
      "braycurtis": [
        0.5863854975952645
      ],
      "dice": [
        0.7495219885277247
      ],
      "cosinus": [
        0.17781691665213495
      ]
    },
    "spacy-lg--spacy-md-concat": {
      "jaccard": [
        0.7659574468085106
      ],
      "braycurtis": [
        0.45789473684210524
      ],
      "dice": [
        0.6206896551724138
      ],
      "cosinus": [
        0.12410474737745769
      ]
    },
    "spacy-lg--spacy-md": {
      "jaccard": [
        0.7240704500978473
      ],
      "braycurtis": [
        0.3864851725814293
      ],
      "dice": [
        0.5674846625766872
      ],
      "cosinus": [
        0.10061105589983299
      ]
    },
    "spacy-lg--spacy-lg-concat": {
      "jaccard": [
        0.7296747967479674
      ],
      "braycurtis": [
        0.4129244249726177
      ],
      "dice": [
        0.5744
      ],
      "cosinus": [
        0.09132462541866349
      ]
    },
    "spacy-lg--spacy-lg": {
      "jaccard": [
        0.648471615720524
      ],
      "braycurtis": [
        0.3077311773623042
      ],
      "dice": [
        0.4798061389337641
      ],
      "cosinus": [
        0.0498508925652551
      ]
    },
    "spacy-sm--spacy-sm-concat": {
      "jaccard": [
        0.3473792394655704
      ],
      "braycurtis": [
        0.18672199170124482
      ],
      "dice": [
        0.21019900497512436
      ],
      "cosinus": [
        0.06346891746298755
      ]
    },
    "spacy-sm--spacy-sm": {
      "jaccard": [
        0.697950377562028
      ],
      "braycurtis": [
        0.3892423366107577
      ],
      "dice": [
        0.536039768019884
      ],
      "cosinus": [
        0.08998608713529066
      ]
    },
    "spacy-sm--spacy-md-concat": {
      "jaccard": [
        0.7951807228915663
      ],
      "braycurtis": [
        0.5748444153291844
      ],
      "dice": [
        0.66
      ],
      "cosinus": [
        0.1657857617347076
      ]
    },
    "spacy-sm--spacy-md": {
      "jaccard": [
        0.7561475409836066
      ],
      "braycurtis": [
        0.5021806853582554
      ],
      "dice": [
        0.6079077429983526
      ],
      "cosinus": [
        0.1410119227916713
      ]
    },
    "spacy-sm--spacy-lg-concat": {
      "jaccard": [
        0.8058350100603622
      ],
      "braycurtis": [
        0.5871097683786506
      ],
      "dice": [
        0.6748104465037911
      ],
      "cosinus": [
        0.16894880855265615
      ]
    },
    "spacy-sm--spacy-lg": {
      "jaccard": [
        0.7555321390937829
      ],
      "braycurtis": [
        0.4821200510855683
      ],