{
  "txt": {
    "PP--TesseractFra-PNG": {
      "jaccard": [
        0.14337212895251827
      ],
      "braycurtis": [
        0.026085578253686667
      ],
      "dice": [
        0.07722179074669921
      ],
      "cosinus": [
        0.0008362201062616093
      ]
    }
  },
  "json": {
    "spacy-md--spacy-md-concat": {
      "jaccard": [
        0.5800524934383202
      ],
      "braycurtis": [
        0.30362116991643456
      ],
      "dice": [
        0.40850277264325324
      ],
      "cosinus": [
        0.05129837825478967
      ]
    },
    "spacy-md--spacy-lg-concat": {
      "jaccard": [
        0.6990740740740741
      ],
      "braycurtis": [
        0.3982002249718785
      ],
      "dice": [
        0.5373665480427047
      ],
      "cosinus": [
        0.07934394242783882
      ]
    },
    "spacy-md--spacy-lg": {
      "jaccard": [
        0.6295399515738499
      ],
      "braycurtis": [
        0.308868501529052
      ],
      "dice": [
        0.45936395759717313
      ],
      "cosinus": [
        0.07542806568900162
      ]
    },
    "spacy-md--spacy-sm": {
      "jaccard": [
        0.7744458930899609
      ],
      "braycurtis": [
        0.4461538461538462
      ],
      "dice": [
        0.6319148936170212
      ],
      "cosinus": [
        0.08695074974431227
      ]
    },
    "spacy-md--spacy-sm-concat": {
      "jaccard": [
        0.803030303030303
      ],
      "braycurtis": [
        0.492845786963434
      ],
      "dice": [
        0.6708860759493671
      ],
      "cosinus": [
        0.08923022996295116
      ]
    },
    "spacy-md--spacy-md": {
      "jaccard": [
        0.4763231197771588
      ],
      "braycurtis": [
        0.19481865284974093
      ],
      "dice": [
        0.3126142595978062
      ],
      "cosinus": [
        0.03184487114059831
      ]
    },
    "spacy-md-concat--spacy-lg-concat": {
      "jaccard": [
        0.65311004784689
      ],
      "braycurtis": [
        0.32540154669839383
      ],
      "dice": [
        0.4849023090586146
      ],
      "cosinus": [
        0.05994790002468331
      ]
    },
    "spacy-md-concat--spacy-lg": {
      "jaccard": [
        0.7171945701357466
      ],
      "braycurtis": [
        0.4134048257372654
      ],
      "dice": [
        0.5590828924162258
      ],
      "cosinus": [
        0.12167871785429052
      ]
    },
    "spacy-md-concat--spacy-sm": {
      "jaccard": [
        0.8193224592220828
      ],
      "braycurtis": [
        0.5305734903152298
      ],
      "dice": [
        0.69394261424017
      ],
      "cosinus": [
        0.11539968751581942
      ]
    },
    "spacy-md-concat--spacy-sm-concat": {
      "jaccard": [
        0.7956852791878173
      ],
      "braycurtis": [
        0.4683753617197189
      ],
      "dice": [
        0.660695468914647
      ],
      "cosinus": [
        0.0729351920373893
      ]
    },
    "spacy-md-concat--spacy-md-concat": {
      "jaccard": [
        0.49444444444444446
      ],
      "braycurtis": [
        0.21790341578327443
      ],
      "dice": [
        0.3284132841328413
      ],
      "cosinus": [
        0.03218229342595669
      ]
    },
    "spacy-md-concat--spacy-md": {
      "jaccard": [
        0.3387096774193548
      ],
      "braycurtis": [
        0.19311457772996235
      ],
      "dice": [
        0.20388349514563106
      ],
      "cosinus": [
        0.03664658222077133
      ]
    },
    "spacy-lg-concat--spacy-lg": {
      "jaccard": [
        0.4106280193236715
      ],
      "braycurtis": [
        0.24119530416221985
      ],
      "dice": [
        0.25835866261398177
      ],
      "cosinus": [
        0.078966600658404
      ]
    },
    "spacy-lg-concat--spacy-sm": {
      "jaccard": [
        0.8289308176100629
      ],
      "braycurtis": [
        0.5590979782270606
      ],
      "dice": [
        0.7078410311493019
      ],
      "cosinus": [
        0.1495649237407961
      ]
    },
    "spacy-lg-concat--spacy-sm-concat": {
      "jaccard": [
        0.7992327365728901
      ],
      "braycurtis": [
        0.49363867684478374
      ],
      "dice": [
        0.6656017039403621
      ],
      "cosinus": [
        0.10528652288479246
      ]
    },
    "spacy-lg-concat--spacy-lg-concat": {
      "jaccard": [
        0.5213903743315508
      ],
      "braycurtis": [
        0.2074074074074074
      ],
      "dice": [
        0.352622061482821
      ],
      "cosinus": [
        0.021665540378923875
      ]
    },
    "spacy-lg-concat--spacy-md-concat": {
      "jaccard": [
        0.5870535714285714
      ],
      "braycurtis": [
        0.28763913298183946
      ],
      "dice": [
        0.4154818325434439
      ],
      "cosinus": [
        0.04568642689642832
      ]
    },
    "spacy-lg-concat--spacy-md": {
      "jaccard": [
        0.6659707724425887
      ],
      "braycurtis": [
        0.38762214983713356
      ],
      "dice": [
        0.49921752738654146
      ],
      "cosinus": [
        0.07880985859179745
      ]
    },
    "spacy-lg--spacy-sm": {
      "jaccard": [
        0.7687253613666228
      ],
      "braycurtis": [
        0.45541990381058084
      ],
      "dice": [
        0.624332977588047
      ],
      "cosinus": [
        0.11875804439042748
      ]
    },
    "spacy-lg--spacy-sm-concat": {
      "jaccard": [
        0.8037974683544303
      ],
      "braycurtis": [
        0.5210928083567697
      ],
      "dice": [
        0.671957671957672
      ],
      "cosinus": [
        0.14978394201425704
      ]
    },
    "spacy-lg--spacy-lg-concat": {
      "jaccard": [
        0.5954773869346733
      ],
      "braycurtis": [
        0.316961736150771
      ],
      "dice": [
        0.42397137745974955
      ],
      "cosinus": [
        0.07414615669856306
      ]
    },
    "spacy-lg--spacy-lg": {
      "jaccard": [
        0.48247978436657685
      ],
      "braycurtis": [
        0.20103359173126614
      ],
      "dice": [
        0.31793960923623443
      ],
      "cosinus": [
        0.03102617247871109
      ]
    },
    "spacy-lg--spacy-md-concat": {
      "jaccard": [
        0.653276955602537
      ],
      "braycurtis": [
        0.37176097303014277
      ],
      "dice": [
        0.4850863422291994
      ],
      "cosinus": [
        0.09737899787054105
      ]
    },
    "spacy-lg--spacy-md": {
      "jaccard": [
        0.5647321428571429
      ],
      "braycurtis": [
        0.26258637709772953
      ],
      "dice": [
        0.39346811819595645
      ],
      "cosinus": [
        0.05422023243201268
      ]
    },
    "spacy-sm--spacy-sm-concat": {
      "jaccard": [
        0.6674556213017752
      ],
      "braycurtis": [
        0.36485580147551977
      ],
      "dice": [
        0.5008880994671403
      ],
      "cosinus": [
        0.06686974573466897
      ]
    },
    "spacy-sm--spacy-sm": {
      "jaccard": [
        0.5919395465994962
      ],
      "braycurtis": [
        0.2903629536921151
      ],
      "dice": [
        0.4203935599284436
      ],
      "cosinus": [
        0.05877386807903928
      ]
    },
    "spacy-sm--spacy-lg-concat": {
      "jaccard": [
        0.7830188679245284
      ],
      "braycurtis": [
        0.5367146101438305
      ],
      "dice": [
        0.6434108527131783
      ],
      "cosinus": [
        0.13124407919759695
      ]
    },
    "spacy-sm--spacy-lg": {
      "jaccard": [
        0.7178217821782178
      ],
      "braycurtis": [
        0.416135881104034
      ],
      "dice": [
        0.5598455598455598
      ],
      "cosinus": [
        0.09299195175109942
      ]
    },
    "spacy-sm--spacy-md-concat": {
      "jaccard": [
        0.7640586797066015
      ],
      "braycurtis": [
        0.5103422339225273
      ],
      "dice": [
        0.6181998021760633
      ],
      "cosinus": [
        0.10739435902299299
      ]
    },
    "spacy-sm--spacy-md": {
      "jaccard": [
        0.7223618090452262
      ],