{
  "txt": {
    "PP--TesseractFra-BIN": {
      "jaccard": [
        0.14083341950160272
      ],
      "braycurtis": [
        0.02701714174245934
      ],
      "dice": [
        0.07575083426028921
      ],
      "cosinus": [
        0.0009224347677221356
      ]
    }
  },
  "json": {
    "spacy-md--spacy-md-concat": {
      "jaccard": [
        0.6155660377358491
      ],
      "braycurtis": [
        0.32791327913279134
      ],
      "dice": [
        0.444633730834753
      ],
      "cosinus": [
        0.05977244240843693
      ]
    },
    "spacy-md--spacy-lg-concat": {
      "jaccard": [
        0.6872037914691943
      ],
      "braycurtis": [
        0.39808018068887635
      ],
      "dice": [
        0.5234657039711191
      ],
      "cosinus": [
        0.0848956701871828
      ]
    },
    "spacy-md--spacy-lg": {
      "jaccard": [
        0.6231527093596059
      ],
      "braycurtis": [
        0.3046153846153846
      ],
      "dice": [
        0.4525939177101968
      ],
      "cosinus": [
        0.07041206819049972
      ]
    },
    "spacy-md--spacy-sm": {
      "jaccard": [
        0.7736351531291611
      ],
      "braycurtis": [
        0.4347663551401869
      ],
      "dice": [
        0.6308360477741585
      ],
      "cosinus": [
        0.07787656224081496
      ]
    },
    "spacy-md--spacy-sm-concat": {
      "jaccard": [
        0.8033635187580854
      ],
      "braycurtis": [
        0.48889786031489707
      ],
      "dice": [
        0.6713513513513514
      ],
      "cosinus": [
        0.08720310484468008
      ]
    },
    "spacy-md--spacy-md": {
      "jaccard": [
        0.5421686746987951
      ],
      "braycurtis": [
        0.24168297455968688
      ],
      "dice": [
        0.371900826446281
      ],
      "cosinus": [
        0.047096208977016496
      ]
    },
    "spacy-md-concat--spacy-lg-concat": {
      "jaccard": [
        0.6397058823529411
      ],
      "braycurtis": [
        0.3237753882915173
      ],
      "dice": [
        0.4702702702702703
      ],
      "cosinus": [
        0.06541576648353009
      ]
    },
    "spacy-md-concat--spacy-lg": {
      "jaccard": [
        0.7066974595842956
      ],
      "braycurtis": [
        0.40744738262277386
      ],
      "dice": [
        0.5464285714285714
      ],
      "cosinus": [
        0.11337089165901404
      ]
    },
    "spacy-md-concat--spacy-sm": {
      "jaccard": [
        0.8179487179487179
      ],
      "braycurtis": [
        0.5221101629169899
      ],
      "dice": [
        0.6919739696312365
      ],
      "cosinus": [
        0.10425020144023789
      ]
    },
    "spacy-md-concat--spacy-sm-concat": {
      "jaccard": [
        0.7911227154046997
      ],
      "braycurtis": [
        0.46218487394957986
      ],
      "dice": [
        0.6544276457883369
      ],
      "cosinus": [
        0.069870622699026
      ]
    },
    "spacy-md-concat--spacy-md-concat": {
      "jaccard": [
        0.5409429280397022
      ],
      "braycurtis": [
        0.2437070938215103
      ],
      "dice": [
        0.3707482993197279
      ],
      "cosinus": [
        0.03994312318046911
      ]
    },
    "spacy-md-concat--spacy-md": {
      "jaccard": [
        0.43043478260869567
      ],
      "braycurtis": [
        0.23776569451309937
      ],
      "dice": [
        0.2742382271468144
      ],
      "cosinus": [
        0.043706162849855956
      ]
    },
    "spacy-lg-concat--spacy-lg": {
      "jaccard": [
        0.4044665012406948
      ],
      "braycurtis": [
        0.2431266846361186
      ],
      "dice": [
        0.2534992223950233
      ],
      "cosinus": [
        0.07802772446123996
      ]
    },
    "spacy-lg-concat--spacy-sm": {
      "jaccard": [
        0.8262548262548263
      ],
      "braycurtis": [
        0.5502582439411998
      ],
      "dice": [
        0.7039473684210527
      ],
      "cosinus": [
        0.1376164235697065
      ]
    },
    "spacy-lg-concat--spacy-sm-concat": {
      "jaccard": [
        0.7324120603015075
      ],
      "braycurtis": [
        0.4534005037783375
      ],
      "dice": [
        0.5777998017839445
      ],
      "cosinus": [
        0.09154435314014964
      ]
    },
    "spacy-lg-concat--spacy-lg-concat": {
      "jaccard": [
        0.5068493150684932
      ],
      "braycurtis": [
        0.20644761314321142
      ],
      "dice": [
        0.3394495412844037
      ],
      "cosinus": [
        0.02369239633899234
      ]
    },
    "spacy-lg-concat--spacy-md-concat": {
      "jaccard": [
        0.5873684210526315
      ],
      "braycurtis": [
        0.3017142857142857
      ],
      "dice": [
        0.4157973174366617
      ],
      "cosinus": [
        0.058667847934555484
      ]
    },
    "spacy-lg-concat--spacy-md": {
      "jaccard": [
        0.6775431861804223
      ],
      "braycurtis": [
        0.4191893278604413
      ],
      "dice": [
        0.5123367198838897
      ],
      "cosinus": [
        0.09893349747548985
      ]
    },
    "spacy-lg--spacy-sm": {
      "jaccard": [
        0.7677852348993288
      ],
      "braycurtis": [
        0.4478851963746224
      ],
      "dice": [
        0.6230936819172114
      ],
      "cosinus": [
        0.1130990036544024
      ]
    },
    "spacy-lg--spacy-sm-concat": {
      "jaccard": [
        0.758873929008568
      ],
      "braycurtis": [
        0.4970714564623194
      ],
      "dice": [
        0.611439842209073
      ],
      "cosinus": [
        0.13747671419947682
      ]
    },
    "spacy-lg--spacy-lg-concat": {
      "jaccard": [
        0.583547557840617
      ],
      "braycurtis": [
        0.3176605504587156
      ],
      "dice": [
        0.41197822141560797
      ],
      "cosinus": [
        0.077506453965412
      ]
    },
    "spacy-lg--spacy-lg": {
      "jaccard": [
        0.4767123287671233
      ],
      "braycurtis": [
        0.19708788351534062
      ],
      "dice": [
        0.3129496402877698
      ],
      "cosinus": [
        0.02992999738775337
      ]
    },
    "spacy-lg--spacy-md-concat": {
      "jaccard": [
        0.6506986027944112
      ],
      "braycurtis": [
        0.3831000518403318
      ],
      "dice": [
        0.4822485207100592
      ],
      "cosinus": [
        0.09927029413014776
      ]
    },
    "spacy-lg--spacy-md": {
      "jaccard": [
        0.5571725571725572
      ],
      "braycurtis": [
        0.28383458646616544
      ],
      "dice": [
        0.3861671469740634
      ],
      "cosinus": [
        0.06303392884064318
      ]
    },
    "spacy-sm--spacy-sm-concat": {
      "jaccard": [
        0.3199023199023199
      ],
      "braycurtis": [
        0.16859403530127814
      ],
      "dice": [
        0.19040697674418605
      ],
      "cosinus": [
        0.036728568683388474
      ]
    },
    "spacy-sm--spacy-sm": {
      "jaccard": [
        0.591025641025641
      ],
      "braycurtis": [
        0.28239414199299584
      ],
      "dice": [
        0.4194722474977252
      ],
      "cosinus": [
        0.05129359075351503
      ]
    },
    "spacy-sm--spacy-lg-concat": {
      "jaccard": [
        0.7728937728937729
      ],
      "braycurtis": [
        0.5271317829457365
      ],
      "dice": [
        0.6298507462686567
      ],
      "cosinus": [
        0.12445412008264523
      ]
    },
    "spacy-sm--spacy-lg": {
      "jaccard": [
        0.7100893997445722
      ],
      "braycurtis": [
        0.4063066328379848
      ],
      "dice": [
        0.5504950495049505
      ],
      "cosinus": [
        0.0894725483448765
      ]
    },
    "spacy-sm--spacy-md-concat": {
      "jaccard": [
        0.7657550535077289
      ],
      "braycurtis": [
        0.5139412207987942
      ],
      "dice": [
        0.6204238921001927
      ],
      "cosinus": [
        0.10311391544191628
      ]
    },
    "spacy-sm--spacy-md": {
      "jaccard": [
        0.7184466019417476
      ],