{
  "txt": {
    "TesseractFra-PNG--PP": {
      "jaccard": [
        0.4046901172529313
      ],
      "braycurtis": [
        0.0692515063806389
      ],
      "dice": [
        0.25367492650146994
      ],
      "cosinus": [
        0.0020858823752170075
      ]
    }
  },
  "json": {
    "spacy-sm--spacy-md": {
      "jaccard": [
        0.6430020283975659
      ],
      "braycurtis": [
        0.312963512310887
      ],
      "dice": [
        0.47384155455904337
      ],
      "cosinus": [
        0.12740213840093606
      ]
    },
    "spacy-sm--spacy-lg": {
      "jaccard": [
        0.8940493468795355
      ],
      "braycurtis": [
        0.5439649203784906
      ],
      "dice": [
        0.8083989501312336
      ],
      "cosinus": [
        0.16378302574690828
      ]
    },
    "spacy-sm--spacy-sm-concat": {
      "jaccard": [
        0.27325581395348836
      ],
      "braycurtis": [
        0.16623644811564275
      ],
      "dice": [
        0.15824915824915825
      ],
      "cosinus": [
        0.1682302681319936
      ]
    },
    "spacy-sm--spacy-lg-concat": {
      "jaccard": [
        0.76171875
      ],
      "braycurtis": [
        0.46675274370561654
      ],
      "dice": [
        0.6151419558359621
      ],
      "cosinus": [
        0.3062598445781748
      ]
    },
    "spacy-sm--spacy-md-concat": {
      "jaccard": [
        0.7296786389413988
      ],
      "braycurtis": [
        0.47173366834170855
      ],
      "dice": [
        0.5744047619047619
      ],
      "cosinus": [
        0.3219010235054237
      ]
    },
    "spacy-sm--spacy-sm": {
      "jaccard": [
        0.7819807427785419
      ],
      "braycurtis": [
        0.3917406406792744
      ],
      "dice": [
        0.6420101637492942
      ],
      "cosinus": [
        0.08957190661174119
      ]
    },
    "spacy-md--spacy-lg": {
      "jaccard": [
        0.8423475258918297
      ],
      "braycurtis": [
        0.3748344370860927
      ],
      "dice": [
        0.7276341948310139
      ],
      "cosinus": [
        0.04259110836576885
      ]
    },
    "spacy-md--spacy-sm-concat": {
      "jaccard": [
        0.7330827067669173
      ],
      "braycurtis": [
        0.4405103668261563
      ],
      "dice": [
        0.5786350148367952
      ],
      "cosinus": [
        0.2974580596871945
      ]
    },
    "spacy-md--spacy-lg-concat": {
      "jaccard": [
        0.6053511705685619
      ],
      "braycurtis": [
        0.334463755828741
      ],
      "dice": [
        0.434052757793765
      ],
      "cosinus": [
        0.23137846832844933
      ]
    },
    "spacy-md--spacy-md-concat": {
      "jaccard": [
        0.3148148148148148
      ],
      "braycurtis": [
        0.21554192229038854
      ],
      "dice": [
        0.18681318681318682
      ],
      "cosinus": [
        0.20174575187239918
      ]
    },
    "spacy-md--spacy-sm": {
      "jaccard": [
        0.8168083097261567
      ],
      "braycurtis": [
        0.4551563711553373
      ],
      "dice": [
        0.690343176376696
      ],
      "cosinus": [
        0.13290216435203006
      ]
    },
    "spacy-md--spacy-md": {
      "jaccard": [
        0.7981438515081206
      ],
      "braycurtis": [
        0.34185303514376997
      ],
      "dice": [
        0.6640926640926641
      ],
      "cosinus": [
        0.04167937235753305
      ]
    },
    "spacy-lg--spacy-sm-concat": {
      "jaccard": [
        0.7495145631067961
      ],
      "braycurtis": [
        0.4353719008264463
      ],
      "dice": [
        0.5993788819875776
      ],
      "cosinus": [
        0.2728216141766976
      ]
    },
    "spacy-lg--spacy-lg-concat": {
      "jaccard": [
        0.33905579399141633
      ],
      "braycurtis": [
        0.200533570475767
      ],
      "dice": [
        0.2041343669250646
      ],
      "cosinus": [
        0.17819668962284818
      ]
    },
    "spacy-lg--spacy-md-concat": {
      "jaccard": [
        0.5833333333333334
      ],
      "braycurtis": [
        0.33533190578158456
      ],
      "dice": [
        0.4117647058823529
      ],
      "cosinus": [
        0.21998193082248518
      ]
    },
    "spacy-lg--spacy-lg": {
      "jaccard": [
        0.7868383404864091
      ],
      "braycurtis": [
        0.3249641319942611
      ],
      "dice": [
        0.6485849056603774
      ],
      "cosinus": [
        0.0346547672097437
      ]
    },
    "spacy-lg--spacy-sm": {
      "jaccard": [
        0.66875
      ],
      "braycurtis": [
        0.3204538485127262
      ],
      "dice": [
        0.5023474178403756
      ],
      "cosinus": [
        0.11625487366007503
      ]
    },
    "spacy-lg--spacy-md": {
      "jaccard": [
        0.41353383458646614
      ],
      "braycurtis": [
        0.14750198255352895
      ],
      "dice": [
        0.26066350710900477
      ],
      "cosinus": [
        0.03426925377476342
      ]
    },
    "spacy-sm-concat--spacy-lg-concat": {
      "jaccard": [
        0.9072237960339944
      ],
      "braycurtis": [
        0.5942857142857143
      ],
      "dice": [
        0.830200907323396
      ],
      "cosinus": [
        0.17393374301215037
      ]
    },
    "spacy-sm-concat--spacy-md-concat": {
      "jaccard": [
        0.8920812894183602
      ],
      "braycurtis": [
        0.5828252032520326
      ],
      "dice": [
        0.8051865907653384
      ],
      "cosinus": [
        0.19330605443071236
      ]
    },
    "spacy-sm-concat--spacy-lg": {
      "jaccard": [
        0.9121574139142656
      ],
      "braycurtis": [
        0.6311986045352604
      ],
      "dice": [
        0.838501291989664
      ],
      "cosinus": [
        0.2803357011282719
      ]
    },
    "spacy-sm-concat--spacy-sm": {
      "jaccard": [
        0.8159630606860159
      ],
      "braycurtis": [
        0.4899218428630193
      ],
      "dice": [
        0.6891364902506963
      ],
      "cosinus": [
        0.22265899597072825
      ]
    },
    "spacy-sm-concat--spacy-md": {
      "jaccard": [
        0.9034051424600417
      ],
      "braycurtis": [
        0.6192093136065971
      ],
      "dice": [
        0.8238276299112801
      ],
      "cosinus": [
        0.3035555124190902
      ]
    },
    "spacy-sm-concat--spacy-sm-concat": {
      "jaccard": [
        0.7943737441393168
      ],
      "braycurtis": [
        0.4293125810635538
      ],
      "dice": [
        0.6588888888888889
      ],
      "cosinus": [
        0.0974910649299967
      ]
    },
    "spacy-lg-concat--spacy-md-concat": {
      "jaccard": [
        0.46153846153846156
      ],
      "braycurtis": [
        0.17495395948434622
      ],
      "dice": [
        0.3
      ],
      "cosinus": [
        0.043684053696284364
      ]
    },
    "spacy-lg-concat--spacy-lg": {
      "jaccard": [
        0.8256624825662483
      ],
      "braycurtis": [
        0.4652241112828439
      ],
      "dice": [
        0.7030878859857482
      ],
      "cosinus": [
        0.18193243200211096
      ]
    },
    "spacy-lg-concat--spacy-sm": {
      "jaccard": [
        0.8512658227848101
      ],
      "braycurtis": [
        0.5833575792842596
      ],
      "dice": [
        0.7410468319559229
      ],
      "cosinus": [
        0.29408455567480574
      ]
    },
    "spacy-lg-concat--spacy-md": {
      "jaccard": [
        0.8586387434554974
      ],
      "braycurtis": [
        0.519644180874722
      ],
      "dice": [
        0.7522935779816514
      ],
      "cosinus": [
        0.22601256778504608
      ]
    },
    "spacy-lg-concat--spacy-lg-concat": {
      "jaccard": [
        0.7956834532374101
      ],
      "braycurtis": [
        0.3682474226804124
      ],
      "dice": [
        0.6606929510155317
      ],
      "cosinus": [
        0.042224380110468474
      ]
    },
    "spacy-lg-concat--spacy-sm-concat": {
      "jaccard": [
        0.7012195121951219
      ],
      "braycurtis": [
        0.34870719776380155
      ],