{
  "txt": {
    "TesseractFra-PNG--PP": {
      "jaccard": [
        0.2960863403466696
      ],
      "braycurtis": [
        0.06451011813811351
      ],
      "dice": [
        0.17376839411388356
      ],
      "cosinus": [
        0.005080473183963097
      ]
    }
  },
  "json": {
    "spacy-md--spacy-sm": {
      "jaccard": [
        0.5283018867924528
      ],
      "braycurtis": [
        0.3426791277258567
      ],
      "dice": [
        0.358974358974359
      ],
      "cosinus": [
        0.29544145840586955
      ]
    },
    "spacy-md--spacy-sm-concat": {
      "jaccard": [
        0.6261261261261262
      ],
      "braycurtis": [
        0.44537815126050423
      ],
      "dice": [
        0.4557377049180328
      ],
      "cosinus": [
        0.35161166353597406
      ]
    },
    "spacy-md--spacy-lg": {
      "jaccard": [
        0.35294117647058826
      ],
      "braycurtis": [
        0.18061674008810572
      ],
      "dice": [
        0.21428571428571427
      ],
      "cosinus": [
        0.056682243708633395
      ]
    },
    "spacy-md--spacy-lg-concat": {
      "jaccard": [
        0.5503355704697986
      ],
      "braycurtis": [
        0.34772182254196643
      ],
      "dice": [
        0.37962962962962965
      ],
      "cosinus": [
        0.12296056545758471
      ]
    },
    "spacy-md--spacy-md-concat": {
      "jaccard": [
        0.3284671532846715
      ],
      "braycurtis": [
        0.1963882618510158
      ],
      "dice": [
        0.1965065502183406
      ],
      "cosinus": [
        0.06830547765455963
      ]
    },
    "spacy-md--spacy-md": {
      "jaccard": [
        0.6340579710144928
      ],
      "braycurtis": [
        0.3763440860215054
      ],
      "dice": [
        0.46419098143236076
      ],
      "cosinus": [
        0.10090943011733577
      ]
    },
    "spacy-sm--spacy-sm-concat": {
      "jaccard": [
        0.7941680960548885
      ],
      "braycurtis": [
        0.5453020134228188
      ],
      "dice": [
        0.6586059743954481
      ],
      "cosinus": [
        0.13926885573742065
      ]
    },
    "spacy-sm--spacy-lg": {
      "jaccard": [
        0.8373831775700935
      ],
      "braycurtis": [
        0.6726926736441484
      ],
      "dice": [
        0.7202572347266881
      ],
      "cosinus": [
        0.46489132857220783
      ]
    },
    "spacy-sm--spacy-lg-concat": {
      "jaccard": [
        0.8876811594202898
      ],
      "braycurtis": [
        0.757396449704142
      ],
      "dice": [
        0.7980456026058632
      ],
      "cosinus": [
        0.5406892513139823
      ]
    },
    "spacy-sm--spacy-md-concat": {
      "jaccard": [
        0.868231046931408
      ],
      "braycurtis": [
        0.7192307692307692
      ],
      "dice": [
        0.7671451355661882
      ],
      "cosinus": [
        0.473092100911664
      ]
    },
    "spacy-sm--spacy-md": {
      "jaccard": [
        0.822429906542056
      ],
      "braycurtis": [
        0.6409302325581395
      ],
      "dice": [
        0.6984126984126984
      ],
      "cosinus": [
        0.4047752521343697
      ]
    },
    "spacy-sm--spacy-sm": {
      "jaccard": [
        0.7230215827338129
      ],
      "braycurtis": [
        0.45924132364810333
      ],
      "dice": [
        0.5661971830985916
      ],
      "cosinus": [
        0.09230974634575995
      ]
    },
    "spacy-sm-concat--spacy-lg": {
      "jaccard": [
        0.868421052631579
      ],
      "braycurtis": [
        0.7267987486965589
      ],
      "dice": [
        0.7674418604651163
      ],
      "cosinus": [
        0.5352608012662211
      ]
    },
    "spacy-sm-concat--spacy-lg-concat": {
      "jaccard": [
        0.5693069306930693
      ],
      "braycurtis": [
        0.41198501872659177
      ],
      "dice": [
        0.39792387543252594
      ],
      "cosinus": [
        0.36716297233372897
      ]
    },
    "spacy-sm-concat--spacy-md-concat": {
      "jaccard": [
        0.8393881453154876
      ],
      "braycurtis": [
        0.6687763713080169
      ],
      "dice": [
        0.7232289950576606
      ],
      "cosinus": [
        0.43956384758092404
      ]
    },
    "spacy-sm-concat--spacy-md": {
      "jaccard": [
        0.8555347091932458
      ],
      "braycurtis": [
        0.688708036622584
      ],
      "dice": [
        0.7475409836065574
      ],
      "cosinus": [
        0.46619900004021986
      ]
    },
    "spacy-sm-concat--spacy-sm-concat": {
      "jaccard": [
        0.7421731123388582
      ],
      "braycurtis": [
        0.4781818181818182
      ],
      "dice": [
        0.5900439238653001
      ],
      "cosinus": [
        0.08487350966373941
      ]
    },
    "spacy-sm-concat--spacy-sm": {
      "jaccard": [
        0.32608695652173914
      ],
      "braycurtis": [
        0.15678524374176547
      ],
      "dice": [
        0.19480519480519481
      ],
      "cosinus": [
        0.03665609259693192
      ]
    },
    "spacy-lg--spacy-lg-concat": {
      "jaccard": [
        0.375
      ],
      "braycurtis": [
        0.22646310432569974
      ],
      "dice": [
        0.23076923076923078
      ],
      "cosinus": [
        0.08796529375776474
      ]
    },
    "spacy-lg--spacy-md-concat": {
      "jaccard": [
        0.5460526315789473
      ],
      "braycurtis": [
        0.35083532219570407
      ],
      "dice": [
        0.3755656108597285
      ],
      "cosinus": [
        0.13709243834497387
      ]
    },
    "spacy-lg--spacy-md": {
      "jaccard": [
        0.6640316205533597
      ],
      "braycurtis": [
        0.39896373056994816
      ],
      "dice": [
        0.4970414201183432
      ],
      "cosinus": [
        0.09589850550199397
      ]
    },
    "spacy-lg--spacy-lg": {
      "jaccard": [
        0.5897435897435898
      ],
      "braycurtis": [
        0.33693693693693694
      ],
      "dice": [
        0.41818181818181815
      ],
      "cosinus": [
        0.08217750688518521
      ]
    },
    "spacy-lg--spacy-sm-concat": {
      "jaccard": [
        0.6561085972850679
      ],
      "braycurtis": [
        0.4851138353765324
      ],
      "dice": [
        0.4882154882154882
      ],
      "cosinus": [
        0.4047088517409443
      ]
    },
    "spacy-lg--spacy-sm": {
      "jaccard": [
        0.5454545454545454
      ],
      "braycurtis": [
        0.37540453074433655
      ],
      "dice": [
        0.375
      ],
      "cosinus": [
        0.33942531449222013
      ]
    },
    "spacy-lg-concat--spacy-md-concat": {
      "jaccard": [
        0.7068273092369478
      ],
      "braycurtis": [
        0.4468937875751503
      ],
      "dice": [
        0.546583850931677
      ],
      "cosinus": [
        0.10264274976683263
      ]
    },
    "spacy-lg-concat--spacy-md": {
      "jaccard": [
        0.7547892720306514
      ],
      "braycurtis": [
        0.5168539325842697
      ],
      "dice": [
        0.6061538461538462
      ],
      "cosinus": [
        0.15613184910713518
      ]
    },
    "spacy-lg-concat--spacy-lg": {
      "jaccard": [
        0.7061224489795919
      ],
      "braycurtis": [
        0.4823529411764706
      ],
      "dice": [
        0.5457413249211357
      ],
      "cosinus": [
        0.16745639163527815
      ]
    },
    "spacy-lg-concat--spacy-sm-concat": {
      "jaccard": [
        0.7484276729559748
      ],
      "braycurtis": [
        0.5483870967741935
      ],
      "dice": [
        0.5979899497487438
      ],
      "cosinus": [
        0.3923674325579998
      ]
    },
    "spacy-lg-concat--spacy-lg-concat": {
      "jaccard": [
        0.6327433628318584
      ],
      "braycurtis": [
        0.386892177589852
      ],
      "dice": [
        0.4627831715210356
      ],
      "cosinus": [
        0.09856996311911148
      ]
    },
    "spacy-lg-concat--spacy-sm": {
      "jaccard": [
        0.6844444444444444
      ],
      "braycurtis": [
        0.5146299483648882
      ],