{
  "txt": {
    "TesseractFra-BIN--PP": {
      "jaccard": [
        0.30055296541255555
      ],
      "braycurtis": [
        0.06484800521390997
      ],
      "dice": [
        0.17685338777593468
      ],
      "cosinus": [
        0.005111058990209472
      ]
    }
  },
  "json": {
    "spacy-md--spacy-sm-concat": {
      "jaccard": [
        0.6261261261261262
      ],
      "braycurtis": [
        0.44537815126050423
      ],
      "dice": [
        0.4557377049180328
      ],
      "cosinus": [
        0.35161166353597406
      ]
    },
    "spacy-md--spacy-md-concat": {
      "jaccard": [
        0.3284671532846715
      ],
      "braycurtis": [
        0.1963882618510158
      ],
      "dice": [
        0.1965065502183406
      ],
      "cosinus": [
        0.06830547765455963
      ]
    },
    "spacy-md--spacy-sm": {
      "jaccard": [
        0.5283018867924528
      ],
      "braycurtis": [
        0.3426791277258567
      ],
      "dice": [
        0.358974358974359
      ],
      "cosinus": [
        0.29544145840586955
      ]
    },
    "spacy-md--spacy-lg-concat": {
      "jaccard": [
        0.5503355704697986
      ],
      "braycurtis": [
        0.34772182254196643
      ],
      "dice": [
        0.37962962962962965
      ],
      "cosinus": [
        0.12296056545758471
      ]
    },
    "spacy-md--spacy-lg": {
      "jaccard": [
        0.35294117647058826
      ],
      "braycurtis": [
        0.18061674008810572
      ],
      "dice": [
        0.21428571428571427
      ],
      "cosinus": [
        0.056682243708633395
      ]
    },
    "spacy-md--spacy-md": {
      "jaccard": [
        0.6268656716417911
      ],
      "braycurtis": [
        0.3563579277864992
      ],
      "dice": [
        0.45652173913043476
      ],
      "cosinus": [
        0.10254195442092795
      ]
    },
    "spacy-sm-concat--spacy-md-concat": {
      "jaccard": [
        0.8416030534351145
      ],
      "braycurtis": [
        0.6822429906542056
      ],
      "dice": [
        0.7265238879736409
      ],
      "cosinus": [
        0.4589716701538561
      ]
    },
    "spacy-sm-concat--spacy-sm": {
      "jaccard": [
        0.32608695652173914
      ],
      "braycurtis": [
        0.15678524374176547
      ],
      "dice": [
        0.19480519480519481
      ],
      "cosinus": [
        0.03665609259693192
      ]
    },
    "spacy-sm-concat--spacy-lg-concat": {
      "jaccard": [
        0.5693069306930693
      ],
      "braycurtis": [
        0.41198501872659177
      ],
      "dice": [
        0.39792387543252594
      ],
      "cosinus": [
        0.36716297233372897
      ]
    },
    "spacy-sm-concat--spacy-lg": {
      "jaccard": [
        0.8662900188323918
      ],
      "braycurtis": [
        0.728952772073922
      ],
      "dice": [
        0.7641196013289037
      ],
      "cosinus": [
        0.563912712355993
      ]
    },
    "spacy-sm-concat--spacy-md": {
      "jaccard": [
        0.8555347091932458
      ],
      "braycurtis": [
        0.6953907815631263
      ],
      "dice": [
        0.7475409836065574
      ],
      "cosinus": [
        0.485310136542795
      ]
    },
    "spacy-sm-concat--spacy-sm-concat": {
      "jaccard": [
        0.7490842490842491
      ],
      "braycurtis": [
        0.4959641255605381
      ],
      "dice": [
        0.5988286969253295
      ],
      "cosinus": [
        0.09781414627974083
      ]
    },
    "spacy-md-concat--spacy-sm": {
      "jaccard": [
        0.6565217391304348
      ],
      "braycurtis": [
        0.4827018121911038
      ],
      "dice": [
        0.4886731391585761
      ],
      "cosinus": [
        0.3455092498235156
      ]
    },
    "spacy-md-concat--spacy-lg-concat": {
      "jaccard": [
        0.39849624060150374
      ],
      "braycurtis": [
        0.21465968586387435
      ],
      "dice": [
        0.24882629107981222
      ],
      "cosinus": [
        0.06472530224721951
      ]
    },
    "spacy-md-concat--spacy-lg": {
      "jaccard": [
        0.7236363636363636
      ],
      "braycurtis": [
        0.5131348511383538
      ],
      "dice": [
        0.5669515669515669
      ],
      "cosinus": [
        0.28806587535269623
      ]
    },
    "spacy-md-concat--spacy-md": {
      "jaccard": [
        0.703971119133574
      ],
      "braycurtis": [
        0.4588235294117647
      ],
      "dice": [
        0.5431754874651811
      ],
      "cosinus": [
        0.15746339699968248
      ]
    },
    "spacy-md-concat--spacy-md-concat": {
      "jaccard": [
        0.6616541353383458
      ],
      "braycurtis": [
        0.3892857142857143
      ],
      "dice": [
        0.4943820224719101
      ],
      "cosinus": [
        0.1030953909926201
      ]
    },
    "spacy-md-concat--spacy-sm-concat": {
      "jaccard": [
        0.5480769230769231
      ],
      "braycurtis": [
        0.3821428571428571
      ],
      "dice": [
        0.37748344370860926
      ],
      "cosinus": [
        0.31944753917124924
      ]
    },
    "spacy-sm--spacy-lg-concat": {
      "jaccard": [
        0.8868613138686131
      ],
      "braycurtis": [
        0.760932944606414
      ],
      "dice": [
        0.7967213114754098
      ],
      "cosinus": [
        0.565557991990102
      ]
    },
    "spacy-sm--spacy-lg": {
      "jaccard": [
        0.8361581920903954
      ],
      "braycurtis": [
        0.6754221388367729
      ],
      "dice": [
        0.7184466019417476
      ],
      "cosinus": [
        0.4941542124390724
      ]
    },
    "spacy-sm--spacy-md": {
      "jaccard": [
        0.8210922787193974
      ],
      "braycurtis": [
        0.6458715596330276
      ],
      "dice": [
        0.6964856230031949
      ],
      "cosinus": [
        0.4249770389918307
      ]
    },
    "spacy-sm--spacy-md-concat": {
      "jaccard": [
        0.8693284936479129
      ],
      "braycurtis": [
        0.728909952606635
      ],
      "dice": [
        0.7688603531300161
      ],
      "cosinus": [
        0.4872176559097723
      ]
    },
    "spacy-sm--spacy-sm-concat": {
      "jaccard": [
        0.7927461139896373
      ],
      "braycurtis": [
        0.555923777961889
      ],
      "dice": [
        0.6566523605150214
      ],
      "cosinus": [
        0.14313874516948688
      ]
    },
    "spacy-sm--spacy-sm": {
      "jaccard": [
        0.7163636363636363
      ],
      "braycurtis": [
        0.46570972886762363
      ],
      "dice": [
        0.5580736543909348
      ],
      "cosinus": [
        0.0997314634177997
      ]
    },
    "spacy-lg-concat--spacy-lg": {
      "jaccard": [
        0.7125984251968503
      ],
      "braycurtis": [
        0.4779270633397313
      ],
      "dice": [
        0.5535168195718655
      ],
      "cosinus": [
        0.15937697389032734
      ]
    },
    "spacy-lg-concat--spacy-md": {
      "jaccard": [
        0.7546468401486989
      ],
      "braycurtis": [
        0.5192660550458715
      ],
      "dice": [
        0.6059701492537314
      ],
      "cosinus": [
        0.16110879377787468
      ]
    },
    "spacy-lg-concat--spacy-md-concat": {
      "jaccard": [
        0.7181467181467182
      ],
      "braycurtis": [
        0.4588235294117647
      ],
      "dice": [
        0.5602409638554217
      ],
      "cosinus": [
        0.11111115554429529
      ]
    },
    "spacy-lg-concat--spacy-sm-concat": {
      "jaccard": [
        0.7522935779816514
      ],
      "braycurtis": [
        0.552870090634441
      ],
      "dice": [
        0.6029411764705882
      ],
      "cosinus": [
        0.39600442121937995
      ]
    },
    "spacy-lg-concat--spacy-lg-concat": {
      "jaccard": [
        0.6596638655462185
      ],
      "braycurtis": [
        0.39669421487603307
      ],
      "dice": [
        0.49216300940438873
      ],
      "cosinus": [
        0.09141693981117449
      ]
    },
    "spacy-lg-concat--spacy-sm": {
      "jaccard": [
        0.6844444444444444
      ],