{
  "txt": {
    "Tesseract-PNG--PP": {
      "jaccard": [
        0.41289749160576733
      ],
      "braycurtis": [
        0.11742731244701564
      ],
      "dice": [
        0.2601580486590754
      ],
      "cosinus": [
        0.00899414852725211
      ]
    }
  },
  "json": {
    "spacy-md-concat--spacy-sm-concat": {
      "jaccard": [
        0.5480769230769231
      ],
      "braycurtis": [
        0.3821428571428571
      ],
      "dice": [
        0.37748344370860926
      ],
      "cosinus": [
        0.31944753917124924
      ]
    },
    "spacy-md-concat--spacy-lg": {
      "jaccard": [
        0.8708920187793427
      ],
      "braycurtis": [
        0.7123834886817576
      ],
      "dice": [
        0.7713097713097713
      ],
      "cosinus": [
        0.3774538705735653
      ]
    },
    "spacy-md-concat--spacy-md": {
      "jaccard": [
        0.8494117647058823
      ],
      "braycurtis": [
        0.6541935483870968
      ],
      "dice": [
        0.7382413087934561
      ],
      "cosinus": [
        0.2555779067209172
      ]
    },
    "spacy-md-concat--spacy-lg-concat": {
      "jaccard": [
        0.39849624060150374
      ],
      "braycurtis": [
        0.21465968586387435
      ],
      "dice": [
        0.24882629107981222
      ],
      "cosinus": [
        0.06472530224721951
      ]
    },
    "spacy-md-concat--spacy-sm": {
      "jaccard": [
        0.6565217391304348
      ],
      "braycurtis": [
        0.4827018121911038
      ],
      "dice": [
        0.4886731391585761
      ],
      "cosinus": [
        0.3455092498235156
      ]
    },
    "spacy-md-concat--spacy-md-concat": {
      "jaccard": [
        0.8175182481751825
      ],
      "braycurtis": [
        0.6081081081081081
      ],
      "dice": [
        0.691358024691358
      ],
      "cosinus": [
        0.21172407733907095
      ]
    },
    "spacy-sm-concat--spacy-lg": {
      "jaccard": [
        0.9187592319054653
      ],
      "braycurtis": [
        0.8200514138817481
      ],
      "dice": [
        0.8497267759562842
      ],
      "cosinus": [
        0.6004166095176924
      ]
    },
    "spacy-sm-concat--spacy-md": {
      "jaccard": [
        0.9069423929098966
      ],
      "braycurtis": [
        0.7884130982367759
      ],
      "dice": [
        0.8297297297297297
      ],
      "cosinus": [
        0.529352322039973
      ]
    },
    "spacy-sm-concat--spacy-lg-concat": {
      "jaccard": [
        0.5693069306930693
      ],
      "braycurtis": [
        0.41198501872659177
      ],
      "dice": [
        0.39792387543252594
      ],
      "cosinus": [
        0.36716297233372897
      ]
    },
    "spacy-sm-concat--spacy-sm": {
      "jaccard": [
        0.32608695652173914
      ],
      "braycurtis": [
        0.15678524374176547
      ],
      "dice": [
        0.19480519480519481
      ],
      "cosinus": [
        0.03665609259693192
      ]
    },
    "spacy-sm-concat--spacy-md-concat": {
      "jaccard": [
        0.8933933933933934
      ],
      "braycurtis": [
        0.7698961937716263
      ],
      "dice": [
        0.8073270013568521
      ],
      "cosinus": [
        0.502797412573379
      ]
    },
    "spacy-sm-concat--spacy-sm-concat": {
      "jaccard": [
        0.8335724533715926
      ],
      "braycurtis": [
        0.6299694189602446
      ],
      "dice": [
        0.7146371463714637
      ],
      "cosinus": [
        0.16918943952469323
      ]
    },
    "spacy-lg--spacy-md": {
      "jaccard": [
        0.8175
      ],
      "braycurtis": [
        0.6128205128205129
      ],
      "dice": [
        0.6913319238900634
      ],
      "cosinus": [
        0.25984337756989384
      ]
    },
    "spacy-lg--spacy-lg-concat": {
      "jaccard": [
        0.375
      ],
      "braycurtis": [
        0.22646310432569974
      ],
      "dice": [
        0.23076923076923078
      ],
      "cosinus": [
        0.08796529375776474
      ]
    },
    "spacy-lg--spacy-sm": {
      "jaccard": [
        0.5454545454545454
      ],
      "braycurtis": [
        0.37540453074433655
      ],
      "dice": [
        0.375
      ],
      "cosinus": [
        0.33942531449222013
      ]
    },
    "spacy-lg--spacy-lg": {
      "jaccard": [
        0.7984496124031008
      ],
      "braycurtis": [
        0.5978835978835979
      ],
      "dice": [
        0.6645161290322581
      ],
      "cosinus": [
        0.26569992225102923
      ]
    },
    "spacy-lg--spacy-md-concat": {
      "jaccard": [
        0.5460526315789473
      ],
      "braycurtis": [
        0.35083532219570407
      ],
      "dice": [
        0.3755656108597285
      ],
      "cosinus": [
        0.13709243834497387
      ]
    },
    "spacy-lg--spacy-sm-concat": {
      "jaccard": [
        0.6561085972850679
      ],
      "braycurtis": [
        0.4851138353765324
      ],
      "dice": [
        0.4882154882154882
      ],
      "cosinus": [
        0.4047088517409443
      ]
    },
    "spacy-md--spacy-lg-concat": {
      "jaccard": [
        0.5503355704697986
      ],
      "braycurtis": [
        0.34772182254196643
      ],
      "dice": [
        0.37962962962962965
      ],
      "cosinus": [
        0.12296056545758471
      ]
    },
    "spacy-md--spacy-sm": {
      "jaccard": [
        0.5283018867924528
      ],
      "braycurtis": [
        0.3426791277258567
      ],
      "dice": [
        0.358974358974359
      ],
      "cosinus": [
        0.29544145840586955
      ]
    },
    "spacy-md--spacy-md": {
      "jaccard": [
        0.7976190476190477
      ],
      "braycurtis": [
        0.5825471698113207
      ],
      "dice": [
        0.6633663366336634
      ],
      "cosinus": [
        0.23402987188089241
      ]
    },
    "spacy-md--spacy-lg": {
      "jaccard": [
        0.35294117647058826
      ],
      "braycurtis": [
        0.18061674008810572
      ],
      "dice": [
        0.21428571428571427
      ],
      "cosinus": [
        0.056682243708633395
      ]
    },
    "spacy-md--spacy-md-concat": {
      "jaccard": [
        0.3284671532846715
      ],
      "braycurtis": [
        0.1963882618510158
      ],
      "dice": [
        0.1965065502183406
      ],
      "cosinus": [
        0.06830547765455963
      ]
    },
    "spacy-md--spacy-sm-concat": {
      "jaccard": [
        0.6261261261261262
      ],
      "braycurtis": [
        0.44537815126050423
      ],
      "dice": [
        0.4557377049180328
      ],
      "cosinus": [
        0.35161166353597406
      ]
    },
    "spacy-lg-concat--spacy-sm": {
      "jaccard": [
        0.6844444444444444
      ],
      "braycurtis": [
        0.5146299483648882
      ],
      "dice": [
        0.5202702702702703
      ],
      "cosinus": [
        0.3931697085587824
      ]
    },
    "spacy-lg-concat--spacy-md": {
      "jaccard": [
        0.8651960784313726
      ],
      "braycurtis": [
        0.7027777777777777
      ],
      "dice": [
        0.7624190064794817
      ],
      "cosinus": [
        0.320174428729994
      ]
    },
    "spacy-lg-concat--spacy-lg": {
      "jaccard": [
        0.853904282115869
      ],
      "braycurtis": [
        0.6982758620689655
      ],
      "dice": [
        0.7450549450549451
      ],
      "cosinus": [
        0.33928412859006096
      ]
    },
    "spacy-lg-concat--spacy-md-concat": {
      "jaccard": [
        0.8413098236775819
      ],
      "braycurtis": [
        0.6613138686131387
      ],
      "dice": [
        0.7260869565217392
      ],
      "cosinus": [
        0.27949042615581177
      ]
    },
    "spacy-lg-concat--spacy-sm-concat": {
      "jaccard": [
        0.864406779661017
      ],
      "braycurtis": [
        0.7204301075268817
      ],
      "dice": [
        0.7611940298507462
      ],
      "cosinus": [
        0.4675588540887182
      ]
    },
    "spacy-lg-concat--spacy-lg-concat": {
      "jaccard": [
        0.8298429319371727
      ],