{
  "txt": {
    "TesseractFra-PNG--PP": {
      "jaccard": [
        0.34077707499677296
      ],
      "braycurtis": [
        0.08514178579798454
      ],
      "dice": [
        0.20538353819822625
      ],
      "cosinus": [
        0.012107299804058447
      ]
    }
  },
  "json": {
    "spacy-sm-concat--spacy-md": {
      "jaccard": [
        0.6616541353383458
      ],
      "braycurtis": [
        0.4686907020872865
      ],
      "dice": [
        0.4943820224719101
      ],
      "cosinus": [
        0.3467562539212755
      ]
    },
    "spacy-sm-concat--spacy-lg": {
      "jaccard": [
        0.6966292134831461
      ],
      "braycurtis": [
        0.49951314508276534
      ],
      "dice": [
        0.5344827586206896
      ],
      "cosinus": [
        0.40326011338019363
      ]
    },
    "spacy-sm-concat--spacy-md-concat": {
      "jaccard": [
        0.8293577981651377
      ],
      "braycurtis": [
        0.6229749631811488
      ],
      "dice": [
        0.7084639498432602
      ],
      "cosinus": [
        0.4003355090056937
      ]
    },
    "spacy-sm-concat--spacy-sm": {
      "jaccard": [
        0.712280701754386
      ],
      "braycurtis": [
        0.39715099715099716
      ],
      "dice": [
        0.553133514986376
      ],
      "cosinus": [
        0.0959995257754308
      ]
    },
    "spacy-sm-concat--spacy-lg-concat": {
      "jaccard": [
        0.848816029143898
      ],
      "braycurtis": [
        0.6536144578313253
      ],
      "dice": [
        0.7373417721518988
      ],
      "cosinus": [
        0.4743740496183344
      ]
    },
    "spacy-sm-concat--spacy-sm-concat": {
      "jaccard": [
        0.6898395721925134
      ],
      "braycurtis": [
        0.36504161712247324
      ],
      "dice": [
        0.5265306122448979
      ],
      "cosinus": [
        0.06305874976272519
      ]
    },
    "spacy-md--spacy-lg": {
      "jaccard": [
        0.773224043715847
      ],
      "braycurtis": [
        0.4679611650485437
      ],
      "dice": [
        0.6302895322939867
      ],
      "cosinus": [
        0.19275564340924578
      ]
    },
    "spacy-md--spacy-md-concat": {
      "jaccard": [
        0.7540983606557377
      ],
      "braycurtis": [
        0.466798810703667
      ],
      "dice": [
        0.6052631578947368
      ],
      "cosinus": [
        0.2613728110821175
      ]
    },
    "spacy-md--spacy-sm": {
      "jaccard": [
        0.7539503386004515
      ],
      "braycurtis": [
        0.4864864864864865
      ],
      "dice": [
        0.605072463768116
      ],
      "cosinus": [
        0.3241574425008069
      ]
    },
    "spacy-md--spacy-lg-concat": {
      "jaccard": [
        0.8157894736842105
      ],
      "braycurtis": [
        0.5628192032686414
      ],
      "dice": [
        0.6888888888888889
      ],
      "cosinus": [
        0.3247416588694223
      ]
    },
    "spacy-md--spacy-sm-concat": {
      "jaccard": [
        0.8056155507559395
      ],
      "braycurtis": [
        0.5663915978994749
      ],
      "dice": [
        0.674502712477396
      ],
      "cosinus": [
        0.4249481896270235
      ]
    },
    "spacy-md--spacy-md": {
      "jaccard": [
        0.6905444126074498
      ],
      "braycurtis": [
        0.37748344370860926
      ],
      "dice": [
        0.5273522975929978
      ],
      "cosinus": [
        0.15489626200808615
      ]
    },
    "spacy-lg--spacy-md-concat": {
      "jaccard": [
        0.7876106194690266
      ],
      "braycurtis": [
        0.55119825708061
      ],
      "dice": [
        0.6496350364963503
      ],
      "cosinus": [
        0.40749286038899324
      ]
    },
    "spacy-lg--spacy-sm": {
      "jaccard": [
        0.7783132530120482
      ],
      "braycurtis": [
        0.5300380228136882
      ],
      "dice": [
        0.6370808678500987
      ],
      "cosinus": [
        0.36025556325648256
      ]
    },
    "spacy-lg--spacy-lg-concat": {
      "jaccard": [
        0.7652439024390244
      ],
      "braycurtis": [
        0.5202702702702703
      ],
      "dice": [
        0.6197530864197531
      ],
      "cosinus": [
        0.3559690597342662
      ]
    },
    "spacy-lg--spacy-sm-concat": {
      "jaccard": [
        0.8267898383371824
      ],
      "braycurtis": [
        0.6151368760064412
      ],
      "dice": [
        0.7047244094488189
      ],
      "cosinus": [
        0.5038425184666748
      ]
    },
    "spacy-lg--spacy-lg": {
      "jaccard": [
        0.6797385620915033
      ],
      "braycurtis": [
        0.3908413205537806
      ],
      "dice": [
        0.5148514851485149
      ],
      "cosinus": [
        0.14836399350475937
      ]
    },
    "spacy-lg--spacy-md": {
      "jaccard": [
        0.39490445859872614
      ],
      "braycurtis": [
        0.24101198402130491
      ],
      "dice": [
        0.24603174603174602
      ],
      "cosinus": [
        0.14149797771936556
      ]
    },
    "spacy-md-concat--spacy-sm": {
      "jaccard": [
        0.7879464285714286
      ],
      "braycurtis": [
        0.5748642358417377
      ],
      "dice": [
        0.6500920810313076
      ],
      "cosinus": [
        0.3438908481484817
      ]
    },
    "spacy-md-concat--spacy-lg-concat": {
      "jaccard": [
        0.7851239669421488
      ],
      "braycurtis": [
        0.5034802784222738
      ],
      "dice": [
        0.6462585034013606
      ],
      "cosinus": [
        0.22360239072679344
      ]
    },
    "spacy-md-concat--spacy-md-concat": {
      "jaccard": [
        0.6967930029154519
      ],
      "braycurtis": [
        0.3721973094170404
      ],
      "dice": [
        0.5346756152125279
      ],
      "cosinus": [
        0.09251984448725847
      ]
    },
    "spacy-md-concat--spacy-sm-concat": {
      "jaccard": [
        0.5856573705179283
      ],
      "braycurtis": [
        0.4274353876739563
      ],
      "dice": [
        0.4140845070422535
      ],
      "cosinus": [
        0.3092027694834757
      ]
    },
    "spacy-md-concat--spacy-lg": {
      "jaccard": [
        0.5491329479768786
      ],
      "braycurtis": [
        0.3541963015647226
      ],
      "dice": [
        0.3784860557768924
      ],
      "cosinus": [
        0.222142998055324
      ]
    },
    "spacy-md-concat--spacy-md": {
      "jaccard": [
        0.30718954248366015
      ],
      "braycurtis": [
        0.15342465753424658
      ],
      "dice": [
        0.18146718146718147
      ],
      "cosinus": [
        0.06616968483285846
      ]
    },
    "spacy-sm--spacy-lg-concat": {
      "jaccard": [
        0.7014925373134329
      ],
      "braycurtis": [
        0.5328884652049571
      ],
      "dice": [
        0.5402298850574713
      ],
      "cosinus": [
        0.38972212597690936
      ]
    },
    "spacy-sm--spacy-sm": {
      "jaccard": [
        0.6636029411764706
      ],
      "braycurtis": [
        0.32590233545647557
      ],
      "dice": [
        0.4965612104539202
      ],
      "cosinus": [
        0.05624466259427163
      ]
    },
    "spacy-sm--spacy-md-concat": {
      "jaccard": [
        0.6539923954372624
      ],
      "braycurtis": [
        0.49582947173308617
      ],
      "dice": [
        0.4858757062146893
      ],
      "cosinus": [
        0.34440428418708446
      ]
    },
    "spacy-sm--spacy-sm-concat": {
      "jaccard": [
        0.2720306513409962
      ],
      "braycurtis": [
        0.12045616535994298
      ],
      "dice": [
        0.1574279379157428
      ],
      "cosinus": [
        0.043643203759171634
      ]
    },
    "spacy-sm--spacy-lg": {
      "jaccard": [
        0.606425702811245
      ],
      "braycurtis": [
        0.4218181818181818
      ],
      "dice": [
        0.43515850144092216
      ],
      "cosinus": [
        0.31394086905338003
      ]
    },
    "spacy-sm--spacy-md": {
      "jaccard": [
        0.562753036437247
      ],